2017,0000342634,9,1,1.1,3,1.2,9.1,3.1,3.2,33860,01,001,0201.00,2,5,5.1,Unnamed: 17,8,1.3,5.2,54,0,3.3,Unnamed: 31,Unnamed: 32,NA,2.1,2.2,1948,12.58,59700,122.93,507,724
2017,4186591.0,9,3,1,1,1,94,3,6,33860,1,1,201.0,4,4,7,5.0,7,4,4,64.5,2,4.0,3.0,7.5,1.79,2,4,1948,12.58,59700,122.93,507,724
2017,504713.0,7,3,1,3,1,161,3,5,33860,1,1,201.0,2,1,5,5.0,5,1,2,64.0,0,4.0,3.0,7.5,1.79,2,1,1948,12.58,59700,122.93,507,724
2017,504713.0,5,1,1,2,1,90,3,1,33860,1,1,201.0,2,2,5,5.0,5,2,1,61.0,1,4.0,3.0,7.5,1.79,2,1,1948,12.58,59700,122.93,507,724
2017,342634.0,9,1,1,3,2,41,3,1,33860,1,1,201.0,2,2,5,5.0,5,1,2,133.0,0,4.0,3.0,7.5,1.79,2,1,1948,12.58,59700,122.93,507,724
2017,504713.0,7,3,1,3,1,146,3,6,33860,1,1,201.0,2,5,3,5.0,8,1,5,64.5,2,4.0,3.0,7.5,1.79,2,4,1948,12.58,59700,122.93,507,724
2017,13303.0,3,2,1,1,1,76,3,1,33860,1,1,201.0,2,5,5,5.0,8,2,5,87.0,6,4.0,3.0,7.5,1.79,2,1,1948,12.58,59700,122.93,507,724
2017,808176.0,9,1,1,3,1,175,3,4,33860,1,1,201.0,2,5,5,5.0,8,2,5,33.0,0,4.0,3.0,7.5,1.79,2,1,1948,12.58,59700,122.93,507,724
2017,3027509990.0,7,3,1,3,1,186,3,1,33860,1,1,201.0,2,5,5,5.0,8,1,5,76.0,2,4.0,3.0,7.5,1.79,2,1,1948,12.58,59700,122.93,507,724
2017,471809999.0,7,1,1,3,1,106,3,1,33860,1,1,201.0,2,5,5,5.0,8,2,5,50.0,1,4.0,3.0,7.5,1.79,2,1,1948,12.58,59700,122.93,507,724
2017,504713.0,7,2,1,1,1,126,3,6,33860,1,1,201.0,4,4,7,5.0,7,4,4,64.5,2,4.0,3.0,7.5,1.79,2,4,1948,12.58,59700,122.93,507,724
2017,233031.0,9,2,1,1,1,92,1,1,33860,1,1,201.0,2,5,3,5.0,8,2,5,29.0,2,4.0,3.0,7.5,1.79,2,1,1948,12.58,59700,122.93,507,724
2017,4186591.0,9,2,1,1,1,147,3,6,33860,1,1,201.0,4,4,7,5.0,7,4,4,64.5,2,4.0,3.0,7.5,1.79,2,4,1948,12.58,59700,122.93,507,724
2017,504713.0,7,3,1,1,1,94,2,1,33860,1,1,201.0,2,5,5,5.0,8,1,5,53.0,9,4.0,3.0,7.5,1.79,2,1,1948,12.58,59700,122.93,507,724
2017,504713.0,7,1,2,1,1,77,3,3,33860,1,1,201.0,3,3,5,5.0,5,1,2,54.0,0,4.0,3.0,7.5,1.79,2,1,1948,12.58,59700,122.93,507,724
2017,504713.0,7,2,1,3,1,62,3,3,33860,1,1,201.0,2,5,5,5.0,8,1,5,64.5,0,4.0,3.0,7.5,1.79,2,1,1948,12.58,59700,122.93,507,724
2017,58255.0,3,1,1,2,1,3,3,3,33860,1,1,201.0,2,5,5,5.0,8,2,5,29.0,0,3.0,3.0,7.5,1.79,2,3,1948,12.58,59700,122.93,507,724
2017,504713.0,7,3,1,3,1,146,3,1,33860,1,1,201.0,2,5,3,5.0,8,1,5,12.0,6,4.0,3.0,7.5,1.79,2,1,1948,12.58,59700,122.93,507,724
2017,504713.0,7,2,1,1,1,147,2,1,33860,1,1,201.0,2,2,5,5.0,5,1,2,90.0,7,4.0,3.0,7.5,1.79,2,1,1948,12.58,59700,122.93,507,724
2017,463735.0,9,1,1,2,1,3,3,3,33860,1,1,201.0,2,5,3,5.0,8,1,5,30.0,0,3.0,3.0,7.5,1.79,2,3,1948,12.58,59700,122.93,507,724
2017,504713.0,7,3,1,3,1,239,3,5,33860,1,1,201.0,2,2,3,5.0,3,1,2,64.5,0,4.0,3.0,7.5,1.79,2,1,1948,12.58,59700,122.93,507,724
2017,504713.0,7,3,1,3,1,243,3,5,33860,1,1,201.0,2,2,3,5.0,3,1,2,64.5,0,4.0,3.0,7.5,1.79,2,1,1948,12.58,59700,122.93,507,724
2017,68575.0,5,1,1,1,1,72,3,3,33860,1,1,201.0,3,3,6,5.0,6,2,1,31.0,0,4.0,3.0,7.5,1.79,2,1,1948,12.58,59700,122.93,507,724
2017,504713.0,7,3,1,1,1,160,3,6,33860,1,1,201.0,4,4,7,5.0,7,4,4,64.5,2,4.0,3.0,7.5,1.79,2,4,1948,12.58,59700,122.93,507,724
2017,504713.0,7,2,1,1,1,115,2,3,33860,1,1,201.0,2,5,5,5.0,8,1,5,30.0,0,4.0,3.0,7.5,1.79,2,1,1948,12.58,59700,122.93,507,724
2017,504713.0,7,3,1,3,1,165,3,1,33860,1,1,201.0,2,5,5,5.0,8,1,5,59.0,2,4.0,3.0,7.5,1.79,2,1,1948,12.58,59700,122.93,507,724
2017,7197000003.0,7,3,1,3,1,338,3,4,33860,1,1,201.0,2,5,5,5.0,8,1,5,106.0,0,4.0,3.0,7.5,1.79,2,1,1948,12.58,59700,122.93,507,724
2017,675332.0,9,1,1,2,1,5,3,3,33860,1,1,201.0,2,5,5,5.0,8,1,5,62.0,0,3.0,3.0,7.5,1.79,2,3,1948,12.58,59700,122.93,507,724
2017,3027509990.0,7,1,1,3,1,181,3,1,33860,1,1,201.0,2,2,5,5.0,5,1,2,98.0,1,4.0,3.0,7.5,1.79,2,1,1948,12.58,59700,122.93,507,724
2017,504713.0,3,2,1,1,1,147,3,6,33860,1,1,201.0,4,4,7,5.0,7,4,4,64.5,9,4.0,3.0,7.5,1.79,2,4,1948,12.58,59700,122.93,507,724
2017,4186591.0,9,3,1,1,1,102,3,6,33860,1,1,201.0,4,4,7,5.0,7,4,4,64.5,2,4.0,3.0,7.5,1.79,2,4,1948,12.58,59700,122.93,507,724
2017,504713.0,7,2,1,1,1,88,2,4,33860,1,1,201.0,2,2,5,5.0,5,2,2,74.0,0,4.0,3.0,7.5,1.79,2,1,1948,12.58,59700,122.93,507,724
2017,504713.0,7,1,1,3,1,139,3,1,33860,1,1,201.0,2,2,5,5.0,5,2,1,77.0,3,4.0,3.0,7.5,1.79,2,1,1948,12.58,59700,122.93,507,724
2017,504713.0,7,3,1,1,1,160,2,1,33860,1,1,201.0,2,5,5,5.0,8,2,5,50.0,9,4.0,3.0,7.5,1.79,2,1,1948,12.58,59700,122.93,507,724
2017,817824.0,9,1,1,3,1,59,3,4,33860,1,1,201.0,2,2,5,5.0,5,1,2,130.0,0,4.0,3.0,7.5,1.79,2,1,1948,12.58,59700,122.93,507,724
2017,64598.0,5,1,1,3,1,25,3,1,33860,1,1,201.0,2,2,3,5.0,3,1,2,38.0,0,4.0,3.0,7.5,1.79,2,2,1948,12.58,59700,122.93,507,724
2017,504713.0,7,1,1,3,1,86,3,3,33860,1,1,201.0,2,5,5,5.0,8,1,5,54.0,0,4.0,3.0,7.5,1.79,2,1,1948,12.58,59700,122.93,507,724
2017,504713.0,7,1,2,1,1,52,3,1,33860,1,1,201.0,2,5,5,5.0,8,2,5,25.0,0,4.0,3.0,7.5,6.4,2,1,1948,12.58,59700,122.93,507,724
2017,58255.0,3,1,1,3,1,370,3,3,33860,1,1,201.0,2,5,5,5.0,8,1,5,182.0,0,3.0,3.0,7.5,1.79,2,1,1948,12.58,59700,122.93,507,724
2017,7245000003.0,7,2,1,1,1,126,2,1,33860,1,1,201.0,2,2,5,5.0,5,2,1,44.0,7,4.0,3.0,7.5,1.79,2,1,1948,12.58,59700,122.93,507,724
2017,451965.0,9,1,1,1,2,201,3,6,33860,1,1,201.0,2,5,5,5.0,8,1,5,116.0,1,4.0,3.0,7.5,1.79,2,4,1948,12.58,59700,122.93,507,724
2017,504713.0,7,1,1,3,1,355,3,2,33860,1,1,201.0,2,5,3,5.0,8,1,5,144.0,0,4.0,3.0,7.5,1.79,2,1,1948,12.58,59700,122.93,507,724
2017,7197000003.0,7,1,1,1,1,118,2,3,33860,1,1,201.0,2,2,5,5.0,5,1,2,128.0,0,4.0,3.0,7.5,1.79,2,1,1948,12.58,59700,122.93,507,724
2017,504713.0,7,3,1,2,1,84,3,3,33860,1,1,201.0,2,5,5,5.0,8,2,5,46.0,0,6.0,3.0,7.5,1.79,2,1,1948,12.58,59700,122.93,507,724
2017,504713.0,9,1,1,1,1,1040,3,1,33860,1,1,201.0,1,2,5,5.0,5,1,2,585.0,0,4.0,3.0,7.5,1.79,2,1,1948,12.58,59700,122.93,507,724
2017,504713.0,7,1,1,1,1,141,2,1,33860,1,1,201.0,2,2,5,5.0,5,1,2,96.0,3,4.0,3.0,7.5,1.79,2,1,1948,12.58,59700,122.93,507,724
2017,7927200007.0,7,3,1,1,1,199,3,1,33860,1,1,201.0,2,5,5,5.0,8,1,5,42.0,2,4.0,3.0,7.5,1.79,2,1,1948,12.58,59700,122.93,507,724
2017,233031.0,9,1,1,2,1,10,3,1,33860,1,1,201.0,2,5,5,5.0,8,2,5,31.0,0,4.0,3.0,7.5,1.79,2,3,1948,12.58,59700,122.93,507,724
2017,817824.0,9,1,1,3,1,138,3,1,33860,1,1,201.0,2,2,5,5.0,5,1,2,87.0,0,4.0,3.0,7.5,1.79,2,1,1948,12.58,59700,122.93,507,724
2017,504713.0,7,2,1,3,1,158,3,1,33860,1,1,201.0,2,5,5,5.0,8,1,5,66.0,7,4.0,3.0,7.5,1.79,2,1,1948,12.58,59700,122.93,507,724
2017,342634.0,9,1,1,3,2,39,3,1,33860,1,1,201.0,1,5,5,5.0,8,1,5,121.0,0,4.0,3.0,7.5,1.79,2,1,1948,12.58,59700,122.93,507,724
2017,463735.0,9,1,1,2,1,3,3,3,33860,1,1,201.0,2,2,3,5.0,3,2,1,40.0,0,3.0,3.0,7.5,1.79,2,3,1948,12.58,59700,122.93,507,724
2017,504713.0,7,2,1,1,1,144,3,1,33860,1,1,201.0,3,5,6,5.0,8,3,5,61.0,7,4.0,3.0,7.5,1.79,2,1,1948,12.58,59700,122.93,507,724
2017,817824.0,9,1,1,3,1,110,3,3,33860,1,1,201.0,2,2,5,5.0,5,1,2,89.0,0,3.0,3.0,7.5,1.79,2,1,1948,12.58,59700,122.93,507,724
2017,16889.0,3,1,1,1,2,63,3,1,33860,1,1,201.0,2,5,5,5.0,8,1,5,64.0,3,4.0,3.0,7.5,1.79,2,1,1948,12.58,59700,122.93,507,724
2017,504713.0,7,1,1,1,1,4,2,4,33860,1,1,201.0,2,5,5,5.0,8,1,5,30.0,0,4.0,3.0,7.5,1.79,2,2,1948,12.58,59700,122.93,507,724
2017,808176.0,9,1,1,3,1,167,3,1,33860,1,1,201.0,2,5,5,5.0,8,2,5,33.0,3,4.0,3.0,7.5,1.79,2,1,1948,12.58,59700,122.93,507,724
2017,504713.0,7,2,1,3,1,121,3,4,33860,1,1,201.0,2,5,5,5.0,8,2,5,65.0,0,4.0,3.0,7.5,1.79,2,1,1948,12.58,59700,122.93,507,724
2017,504713.0,7,3,1,3,1,103,3,1,33860,1,1,201.0,2,5,5,5.0,8,1,5,69.0,2,4.0,3.0,7.5,1.79,2,1,1948,12.58,59700,122.93,507,724
2017,504713.0,9,2,1,1,1,76,3,6,33860,1,1,201.0,4,4,7,5.0,7,4,4,64.5,2,4.0,3.0,7.5,1.79,2,4,1948,12.58,59700,122.93,507,724
2017,504713.0,7,2,1,1,1,52,3,4,33860,1,1,201.0,2,5,3,5.0,8,1,5,18.0,0,4.0,3.0,7.5,1.79,2,1,1948,12.58,59700,122.93,507,724
2017,504713.0,7,3,1,1,1,100,3,1,33860,1,1,201.0,2,2,5,5.0,5,1,2,68.0,0,4.0,3.0,7.5,1.79,2,1,1948,12.58,59700,122.93,507,724
2017,68374.0,5,1,1,3,1,205,3,1,33860,1,1,201.0,2,2,5,5.0,5,2,2,113.0,0,4.0,3.0,7.5,1.66,2,1,1948,12.58,59700,122.93,507,724
2017,7197000003.0,7,2,1,3,1,88,3,1,33860,1,1,201.0,2,5,5,5.0,8,1,5,77.0,2,4.0,3.0,7.5,1.54,2,1,1948,12.58,59700,122.93,507,724
2017,504713.0,9,1,1,1,1,380,3,1,33860,1,1,201.0,2,5,5,5.0,8,2,5,170.0,0,4.0,3.0,7.5,1.79,2,1,1948,12.58,59700,122.93,507,724
2017,233031.0,9,1,1,2,1,3,3,3,33860,1,1,201.0,2,2,5,5.0,5,2,1,24.0,0,4.0,3.0,7.5,1.79,2,3,1948,12.58,59700,122.93,507,724
2017,504713.0,7,2,1,3,1,158,3,6,33860,1,1,201.0,4,4,7,5.0,7,4,4,64.5,2,4.0,3.0,7.5,1.79,2,4,1948,12.58,59700,122.93,507,724
2017,233031.0,9,2,1,1,1,113,2,2,33860,1,1,201.0,2,5,5,5.0,8,1,5,33.0,0,4.0,3.0,7.5,1.79,2,1,1948,12.58,59700,122.93,507,724
2017,504713.0,7,1,1,3,1,195,3,4,33860,1,1,201.0,2,5,5,5.0,8,1,5,41.0,0,4.0,3.0,7.5,1.79,2,1,1948,12.58,59700,122.93,507,724
2017,504713.0,7,3,1,3,1,136,3,1,33860,1,1,201.0,2,5,5,5.0,8,2,5,39.0,2,4.0,3.0,7.5,1.79,2,1,1948,12.58,59700,122.93,507,724
2017,68374.0,5,1,1,1,1,41,3,1,33860,1,1,201.0,2,2,5,5.0,5,1,2,132.0,0,4.0,3.0,7.5,2.09,2,1,1948,12.58,59700,122.93,507,724
2017,504713.0,7,2,1,1,1,244,2,1,33860,1,1,201.0,2,5,5,5.0,8,1,5,99.0,2,4.0,3.0,7.5,1.79,2,1,1948,12.58,59700,122.93,507,724
2017,504713.0,7,1,1,2,1,79,3,1,33860,1,1,201.0,2,5,5,5.0,8,2,5,33.0,1,4.0,3.0,7.5,1.79,2,1,1948,12.58,59700,122.93,507,724
2017,504713.0,7,1,1,1,2,201,2,1,33860,1,1,201.0,2,5,5,5.0,8,1,5,116.0,7,4.0,3.0,7.5,1.79,2,1,1948,12.58,59700,122.93,507,724
2017,68575.0,5,1,1,3,1,55,3,3,33860,1,1,201.0,3,5,6,5.0,8,1,5,63.0,0,4.0,3.0,7.5,1.79,2,1,1948,12.58,59700,122.93,507,724
2017,233031.0,9,1,1,1,1,71,1,1,33860,1,1,201.0,2,5,5,5.0,8,2,5,39.0,0,4.0,3.0,7.5,1.79,2,1,1948,12.58,59700,122.93,507,724
2017,4186591.0,9,2,1,1,1,144,3,6,33860,1,1,201.0,4,4,7,5.0,7,4,4,64.5,2,4.0,3.0,7.5,1.79,2,4,1948,12.58,59700,122.93,507,724
2017,504713.0,7,1,1,3,1,172,3,5,33860,1,1,202.0,2,5,5,5.0,8,1,5,37.0,0,4.0,3.0,7.5,1.79,2,1,2156,59.55,59700,82.4,433,785
2017,7197000003.0,7,1,1,3,1,148,3,1,33860,1,1,202.0,2,5,3,5.0,8,2,5,44.0,1,4.0,3.0,7.5,1.79,2,1,2156,59.55,59700,82.4,433,785
2017,4186591.0,9,3,1,3,1,108,3,6,33860,1,1,202.0,4,4,7,5.0,7,4,4,64.5,6,4.0,3.0,7.5,1.79,2,4,2156,59.55,59700,82.4,433,785
2017,471809999.0,7,2,1,1,1,93,2,1,33860,1,1,202.0,2,5,3,5.0,8,2,5,35.0,2,4.0,3.0,7.5,1.79,2,1,2156,59.55,59700,82.4,433,785
2017,504713.0,7,3,1,3,1,181,3,5,33860,1,1,202.0,2,2,5,5.0,5,1,2,64.5,0,4.0,3.0,7.5,1.79,2,1,2156,59.55,59700,82.4,433,785
2017,68575.0,5,1,1,3,1,86,3,3,33860,1,1,202.0,2,2,3,5.0,3,1,2,93.0,0,4.0,3.0,7.5,1.79,2,1,2156,59.55,59700,82.4,433,785
2017,8797.0,5,1,1,1,1,140,3,1,33860,1,1,202.0,2,2,5,5.0,5,2,1,164.0,0,4.0,3.0,7.5,1.79,2,1,2156,59.55,59700,82.4,433,785
2017,504713.0,7,1,1,3,1,168,3,4,33860,1,1,202.0,2,2,5,5.0,5,1,2,99.0,0,4.0,3.0,7.5,1.79,2,1,2156,59.55,59700,82.4,433,785
2017,504713.0,7,3,1,1,1,222,2,1,33860,1,1,202.0,2,2,5,5.0,5,1,2,77.0,7,4.0,3.0,7.5,1.79,2,1,2156,59.55,59700,82.4,433,785
2017,58255.0,3,1,1,3,2,45,3,1,33860,1,1,202.0,2,5,3,5.0,8,1,5,66.0,0,4.0,3.0,7.5,1.79,2,1,2156,59.55,59700,82.4,433,785
2017,451965.0,9,1,1,2,1,69,3,4,33860,1,1,202.0,2,5,3,5.0,8,2,5,38.0,0,4.0,3.0,7.5,1.79,2,1,2156,59.55,59700,82.4,433,785
2017,342634.0,9,1,1,2,1,125,3,1,33860,1,1,202.0,2,5,5,5.0,8,1,5,37.0,1,4.0,3.0,7.5,1.79,2,1,2156,59.55,59700,82.4,433,785
2017,504713.0,7,3,1,1,1,175,2,1,33860,1,1,202.0,2,5,5,5.0,8,1,5,51.0,2,4.0,3.0,7.5,1.79,2,1,2156,59.55,59700,82.4,433,785
2017,12437.0,3,1,1,3,1,320,3,1,33860,1,1,202.0,2,5,5,5.0,8,1,5,94.0,1,4.0,3.0,7.5,1.79,2,1,2156,59.55,59700,82.4,433,785
2017,817824.0,9,1,1,3,1,84,3,1,33860,1,1,202.0,2,5,3,5.0,8,2,5,42.0,0,4.0,3.0,7.5,1.79,2,1,2156,59.55,59700,82.4,433,785
2017,7197000003.0,7,3,1,3,1,412,3,3,33860,1,1,202.0,2,5,3,5.0,8,1,5,85.0,0,4.0,3.0,7.5,1.79,2,1,2156,59.55,59700,82.4,433,785
2017,504713.0,7,3,1,3,1,101,3,1,33860,1,1,202.0,2,5,5,5.0,8,1,5,41.0,0,4.0,3.0,7.5,1.79,2,1,2156,59.55,59700,82.4,433,785
2017,817824.0,9,1,1,3,1,143,3,1,33860,1,1,202.0,2,2,5,5.0,5,1,2,163.0,0,4.0,3.0,7.5,1.79,2,1,2156,59.55,59700,82.4,433,785
2017,504713.0,7,3,1,1,1,115,1,1,33860,1,1,202.0,2,5,5,5.0,8,1,5,74.0,7,4.0,3.0,7.5,1.79,2,1,2156,59.55,59700,82.4,433,785
2017,504713.0,7,1,1,3,1,175,3,2,33860,1,1,202.0,2,5,5,5.0,8,1,5,18.0,0,4.0,3.0,7.5,1.79,2,1,2156,59.55,59700,82.4,433,785
2017,342634.0,9,1,1,3,2,25,3,4,33860,1,1,202.0,4,5,7,5.0,8,4,5,64.5,0,4.0,3.0,7.5,1.79,2,1,2156,59.55,59700,82.4,433,785
2017,852320.0,9,1,1,3,1,230,3,3,33860,1,1,202.0,2,2,5,5.0,5,1,2,30.0,0,1.0,2.0,7.5,1.79,2,1,2156,59.55,59700,82.4,433,785
2017,7245000003.0,7,2,1,3,1,112,3,3,33860,1,1,202.0,2,5,5,5.0,8,2,5,23.0,0,3.0,3.0,7.5,1.79,2,1,2156,59.55,59700,82.4,433,785
2017,233031.0,9,1,1,1,1,160,2,1,33860,1,1,202.0,2,1,5,5.0,5,2,1,95.0,3,4.0,3.0,7.5,1.79,2,1,2156,59.55,59700,82.4,433,785
2017,595270.0,9,2,1,1,1,103,3,6,33860,1,1,202.0,4,4,7,5.0,7,4,4,64.5,0,4.0,3.0,7.5,1.79,2,4,2156,59.55,59700,82.4,433,785
2017,504713.0,7,2,1,1,1,150,3,4,33860,1,1,202.0,2,5,5,5.0,8,1,5,45.0,0,4.0,3.0,7.5,1.79,2,1,2156,59.55,59700,82.4,433,785
2017,68374.0,5,1,1,1,1,111,3,1,33860,1,1,202.0,2,2,5,5.0,5,1,2,115.0,0,4.0,3.0,7.5,1.79,2,1,2156,59.55,59700,82.4,433,785
2017,4186591.0,9,3,1,1,1,110,3,6,33860,1,1,202.0,4,4,7,5.0,7,4,4,64.5,2,4.0,3.0,7.5,1.79,2,4,2156,59.55,59700,82.4,433,785
2017,504713.0,7,1,1,1,1,84,3,1,33860,1,1,202.0,2,5,3,5.0,8,2,5,37.0,3,4.0,3.0,7.5,1.79,2,1,2156,59.55,59700,82.4,433,785
2017,7197000003.0,7,1,1,3,2,100,3,3,33860,1,1,202.0,2,5,3,5.0,8,2,5,57.0,0,4.0,3.0,7.5,1.79,2,1,2156,59.55,59700,82.4,433,785
2017,697633.0,9,1,1,1,1,55,3,3,33860,1,1,202.0,2,5,5,5.0,8,1,5,26.0,0,4.0,3.0,7.5,1.79,2,1,2156,59.55,59700,82.4,433,785
2017,504713.0,7,3,1,3,1,240,3,3,33860,1,1,202.0,2,2,5,5.0,5,1,2,176.0,0,4.0,3.0,7.5,1.79,2,1,2156,59.55,59700,82.4,433,785
2017,817824.0,9,1,1,3,1,115,3,1,33860,1,1,202.0,2,2,5,5.0,5,1,2,92.0,0,4.0,3.0,7.5,1.79,2,1,2156,59.55,59700,82.4,433,785
2017,504713.0,7,1,1,1,1,192,3,1,33860,1,1,202.0,2,2,5,5.0,5,1,2,129.0,1,4.0,3.0,7.5,2.31,2,1,2156,59.55,59700,82.4,433,785
2017,58255.0,3,1,1,2,1,70,3,1,33860,1,1,202.0,2,2,5,5.0,5,1,2,263.0,0,4.0,3.0,7.5,1.79,2,2,2156,59.55,59700,82.4,433,785
2017,57124.0,3,1,1,1,1,40,3,1,33860,1,1,202.0,2,5,5,5.0,8,1,5,40.0,0,4.0,3.0,7.5,2.01,2,1,2156,59.55,59700,82.4,433,785
2017,233031.0,9,1,1,2,1,3,3,1,33860,1,1,202.0,2,5,5,5.0,8,1,5,45.0,0,4.0,3.0,7.5,1.79,2,3,2156,59.55,59700,82.4,433,785
2017,342634.0,9,1,1,2,1,115,3,2,33860,1,1,202.0,2,5,5,5.0,8,1,5,36.0,0,4.0,3.0,7.5,1.79,2,1,2156,59.55,59700,82.4,433,785
2017,504713.0,7,2,1,3,1,156,3,2,33860,1,1,202.0,3,5,3,5.0,8,2,5,36.0,0,4.0,3.0,7.5,1.79,2,1,2156,59.55,59700,82.4,433,785
2017,7197000003.0,7,1,1,3,1,200,3,3,33860,1,1,202.0,3,5,6,5.0,8,3,5,83.0,0,7.0,3.0,7.5,1.79,2,1,2156,59.55,59700,82.4,433,785
2017,504713.0,7,3,1,1,1,222,3,6,33860,1,1,202.0,4,4,7,5.0,7,4,4,64.5,2,4.0,3.0,7.5,1.79,2,4,2156,59.55,59700,82.4,433,785
2017,68374.0,5,1,1,3,1,280,3,1,33860,1,1,202.0,2,5,5,5.0,8,1,5,111.0,0,4.0,3.0,7.5,1.79,2,1,2156,59.55,59700,82.4,433,785
2017,7197000003.0,7,2,1,1,1,93,2,3,33860,1,1,202.0,3,5,6,5.0,8,3,5,35.0,0,7.0,3.0,7.5,1.79,2,1,2156,59.55,59700,82.4,433,785
2017,504713.0,7,2,1,3,1,66,3,3,33860,1,1,202.0,2,5,3,5.0,8,2,5,17.0,0,4.0,3.0,7.5,1.79,2,1,2156,59.55,59700,82.4,433,785
2017,817824.0,9,1,1,3,1,71,3,1,33860,1,1,202.0,2,5,3,5.0,8,1,5,21.0,0,4.0,3.0,7.5,1.79,2,1,2156,59.55,59700,82.4,433,785
2017,619877.0,9,3,1,1,1,415,3,1,33860,1,1,202.0,2,2,5,5.0,5,1,2,157.0,2,4.0,3.0,7.5,1.79,2,1,2156,59.55,59700,82.4,433,785
2017,595270.0,9,3,1,1,1,1,3,6,33860,1,1,202.0,4,4,7,5.0,7,4,4,64.5,0,4.0,3.0,7.5,1.79,2,4,2156,59.55,59700,82.4,433,785
2017,504713.0,7,2,1,1,1,92,2,1,33860,1,1,202.0,2,5,5,5.0,8,2,5,40.0,7,4.0,3.0,7.5,2.61,2,1,2156,59.55,59700,82.4,433,785
2017,233031.0,9,1,1,1,1,138,1,1,33860,1,1,202.0,2,2,5,5.0,5,1,2,73.0,3,4.0,3.0,7.5,1.79,2,1,2156,59.55,59700,82.4,433,785
2017,7811300008.0,7,3,1,3,2,178,3,1,33860,1,1,202.0,2,2,5,5.0,5,1,2,64.5,2,4.0,3.0,7.5,1.79,2,1,2156,59.55,59700,82.4,433,785
2017,504713.0,7,3,1,3,2,181,3,5,33860,1,1,202.0,2,2,5,5.0,5,1,2,64.5,0,4.0,3.0,7.5,1.79,2,1,2156,59.55,59700,82.4,433,785
2017,68374.0,5,1,1,1,1,50,3,3,33860,1,1,202.0,2,4,5,5.0,7,2,4,14.0,0,3.0,3.0,7.5,1.79,2,1,2156,59.55,59700,82.4,433,785
2017,21122.0,3,3,1,3,1,108,3,1,33860,1,1,202.0,2,5,3,5.0,8,2,5,25.0,7,4.0,3.0,7.5,1.79,2,1,2156,59.55,59700,82.4,433,785
2017,617677.0,9,1,1,2,2,4,3,1,33860,1,1,202.0,2,5,3,5.0,8,1,5,123.0,0,4.0,3.0,7.5,1.79,2,3,2156,59.55,59700,82.4,433,785
2017,504713.0,7,1,1,3,1,94,3,1,33860,1,1,202.0,2,5,5,5.0,8,2,5,28.0,1,4.0,3.0,7.5,1.79,2,1,2156,59.55,59700,82.4,433,785
2017,617677.0,9,1,1,2,2,8,3,3,33860,1,1,202.0,2,5,3,5.0,8,1,5,38.0,0,3.0,3.0,7.5,1.79,2,3,2156,59.55,59700,82.4,433,785
2017,504713.0,7,2,1,1,1,92,3,6,33860,1,1,202.0,4,4,7,5.0,7,4,4,64.5,0,4.0,3.0,7.5,1.79,2,4,2156,59.55,59700,82.4,433,785
2017,617677.0,9,3,1,3,2,177,3,3,33860,1,1,202.0,2,3,5,5.0,6,1,3,54.0,0,9.0,3.0,7.5,1.79,2,1,2156,59.55,59700,82.4,433,785
2017,58255.0,3,1,1,1,2,99,3,1,33860,1,1,202.0,4,5,7,5.0,8,4,5,64.5,0,4.0,3.0,7.5,1.79,2,1,2156,59.55,59700,82.4,433,785
2017,504713.0,7,2,1,3,1,156,3,2,33860,1,1,202.0,3,5,3,5.0,8,2,5,37.0,0,4.0,3.0,7.5,1.79,2,1,2156,59.55,59700,82.4,433,785
2017,23216.0,1,1,1,3,1,50,3,1,33860,1,1,202.0,2,2,3,5.0,3,1,2,18.0,3,4.0,3.0,7.5,1.79,2,1,2156,59.55,59700,82.4,433,785
2017,68374.0,5,1,1,1,1,36,3,3,33860,1,1,202.0,2,2,5,5.0,5,1,2,42.0,0,3.0,3.0,7.5,1.79,2,1,2156,59.55,59700,82.4,433,785
2017,504713.0,7,1,1,1,1,81,2,1,33860,1,1,202.0,2,2,5,5.0,5,1,2,63.0,3,4.0,3.0,7.5,1.79,2,1,2156,59.55,59700,82.4,433,785
2017,4186591.0,9,3,1,1,1,115,3,6,33860,1,1,202.0,4,4,7,5.0,7,4,4,64.5,2,4.0,3.0,7.5,1.79,2,4,2156,59.55,59700,82.4,433,785
2017,675332.0,9,1,1,2,1,20,3,1,33860,1,1,202.0,3,5,6,5.0,8,3,5,102.0,0,4.0,3.0,7.5,1.79,2,3,2156,59.55,59700,82.4,433,785
2017,68374.0,5,1,1,3,1,22,3,1,33860,1,1,202.0,2,2,3,5.0,3,2,1,22.0,0,4.0,3.0,7.5,2.18,2,1,2156,59.55,59700,82.4,433,785
2017,57124.0,3,1,1,1,2,172,3,1,33860,1,1,202.0,2,5,5,5.0,8,1,5,145.0,0,4.0,3.0,7.5,1.79,2,1,2156,59.55,59700,82.4,433,785
2017,7197000003.0,7,3,1,1,1,230,2,1,33860,1,1,202.0,2,5,3,5.0,8,1,5,75.0,2,4.0,3.0,7.5,1.79,2,1,2156,59.55,59700,82.4,433,785
2017,703927.0,1,3,1,3,1,410,3,4,33860,1,1,202.0,2,5,3,5.0,8,1,5,85.0,0,4.0,3.0,7.5,1.79,2,1,2156,59.55,59700,82.4,433,785
2017,68374.0,5,1,1,3,1,181,3,1,33860,1,1,202.0,2,2,5,5.0,5,1,2,166.0,0,4.0,3.0,7.5,1.62,2,1,2156,59.55,59700,82.4,433,785
2017,504713.0,7,3,1,1,1,110,2,1,33860,1,1,202.0,2,5,3,5.0,8,1,5,37.0,7,4.0,3.0,7.5,1.79,2,1,2156,59.55,59700,82.4,433,785
2017,463735.0,9,3,1,3,1,108,3,6,33860,1,1,202.0,2,5,3,5.0,8,2,5,25.0,0,4.0,3.0,7.5,1.79,2,4,2156,59.55,59700,82.4,433,785
2017,504713.0,9,1,1,1,2,48,3,6,33860,1,1,202.0,4,4,7,5.0,7,4,4,99.0,3,4.0,3.0,7.5,1.79,2,4,2156,59.55,59700,82.4,433,785
2017,817824.0,9,1,1,3,1,83,3,3,33860,1,1,202.0,2,5,5,5.0,8,2,5,42.0,0,4.0,3.0,7.5,1.79,2,1,2156,59.55,59700,82.4,433,785
2017,342634.0,9,1,1,3,2,25,3,1,33860,1,1,202.0,4,5,7,5.0,8,4,5,64.5,0,4.0,3.0,7.5,1.79,2,1,2156,59.55,59700,82.4,433,785
2017,504713.0,3,1,1,3,1,192,3,3,33860,1,1,202.0,2,2,5,5.0,5,2,1,103.0,0,4.0,3.0,7.5,1.79,2,1,2156,59.55,59700,82.4,433,785
2017,504713.0,7,2,1,3,1,76,3,1,33860,1,1,202.0,2,5,3,5.0,8,2,5,39.0,7,4.0,3.0,7.5,2.0,2,1,2156,59.55,59700,82.4,433,785
2017,233031.0,9,1,1,2,1,5,3,3,33860,1,1,202.0,2,5,3,5.0,8,1,5,14.0,0,4.0,3.0,7.5,1.79,2,3,2156,59.55,59700,82.4,433,785
2017,504713.0,7,2,1,1,1,150,3,1,33860,1,1,202.0,3,3,6,5.0,6,3,3,70.0,2,4.0,3.0,7.5,1.54,2,1,2156,59.55,59700,82.4,433,785
2017,504713.0,7,1,1,1,1,120,1,1,33860,1,1,202.0,2,2,5,5.0,5,1,2,40.0,1,4.0,3.0,7.5,1.79,2,1,2156,59.55,59700,82.4,433,785
2017,7197000003.0,7,2,1,3,1,82,3,1,33860,1,1,202.0,2,5,3,5.0,8,2,5,38.0,0,4.0,3.0,7.5,1.79,2,1,2156,59.55,59700,82.4,433,785
2017,504713.0,7,1,1,3,2,46,3,4,33860,1,1,202.0,2,2,5,5.0,5,1,2,66.0,0,4.0,3.0,7.5,1.79,2,1,2156,59.55,59700,82.4,433,785
2017,233031.0,9,1,1,2,1,8,3,1,33860,1,1,203.0,2,5,3,5.0,8,1,5,49.0,0,4.0,3.0,7.5,1.79,2,3,2968,25.47,59700,94.26,828,1327
2017,504713.0,7,2,1,3,1,90,3,4,33860,1,1,203.0,3,5,6,5.0,8,2,5,20.0,0,4.0,3.0,7.5,1.79,2,1,2968,25.47,59700,94.26,828,1327
2017,504713.0,7,1,1,1,1,3,3,1,33860,1,1,203.0,2,5,5,5.0,8,1,5,23.0,9,4.0,3.0,7.5,1.79,2,2,2968,25.47,59700,94.26,828,1327
2017,504713.0,7,1,1,2,1,36,3,1,33860,1,1,203.0,2,4,3,5.0,6,2,3,77.0,7,4.0,3.0,7.5,3.76,1,1,2968,25.47,59700,94.26,828,1327
2017,504713.0,7,3,1,3,2,81,3,4,33860,1,1,203.0,2,5,3,5.0,8,1,5,55.0,0,4.0,3.0,7.5,1.79,2,1,2968,25.47,59700,94.26,828,1327
2017,504713.0,7,2,1,1,1,118,3,6,33860,1,1,203.0,4,4,7,5.0,7,4,4,64.5,2,4.0,3.0,7.5,1.79,2,4,2968,25.47,59700,94.26,828,1327
2017,504713.0,7,1,1,3,1,116,3,3,33860,1,1,203.0,2,2,5,5.0,5,1,2,97.0,0,3.0,3.0,7.5,1.79,2,1,2968,25.47,59700,94.26,828,1327
2017,504713.0,7,1,1,1,1,125,2,1,33860,1,1,203.0,2,5,5,5.0,8,1,5,46.0,1,4.0,3.0,7.5,1.79,2,1,2968,25.47,59700,94.26,828,1327
2017,471809999.0,7,2,1,1,1,92,2,1,33860,1,1,203.0,2,5,5,5.0,8,2,5,23.0,2,4.0,3.0,7.5,1.79,2,1,2968,25.47,59700,94.26,828,1327
2017,504713.0,9,1,1,1,1,86,3,1,33860,1,1,203.0,2,5,5,5.0,8,1,5,31.0,0,4.0,3.0,7.5,1.79,2,1,2968,25.47,59700,94.26,828,1327
2017,504713.0,7,1,1,3,1,71,3,4,33860,1,1,203.0,2,5,5,5.0,8,2,5,21.0,0,4.0,3.0,7.5,1.79,2,1,2968,25.47,59700,94.26,828,1327
2017,697633.0,9,1,1,1,1,110,3,1,33860,1,1,203.0,2,5,5,5.0,8,2,5,33.0,0,4.0,3.0,7.5,1.79,2,1,2968,25.47,59700,94.26,828,1327
2017,504713.0,7,2,1,1,1,115,3,1,33860,1,1,203.0,2,5,3,5.0,8,2,5,50.0,0,4.0,3.0,7.5,1.79,2,1,2968,25.47,59700,94.26,828,1327
2017,471809999.0,7,2,1,1,1,108,2,1,33860,1,1,203.0,2,5,5,5.0,8,2,5,31.0,2,4.0,3.0,7.5,1.79,2,1,2968,25.47,59700,94.26,828,1327
2017,2735146.0,9,2,1,1,1,101,3,6,33860,1,1,203.0,4,4,7,5.0,7,4,4,64.5,0,4.0,3.0,7.5,1.79,2,4,2968,25.47,59700,94.26,828,1327
2017,504713.0,7,2,1,1,1,110,3,6,33860,1,1,203.0,4,4,7,5.0,7,4,4,64.5,2,4.0,3.0,7.5,1.79,2,4,2968,25.47,59700,94.26,828,1327
2017,8663.0,3,1,1,1,1,360,3,1,33860,1,1,203.0,2,5,5,5.0,8,1,5,189.0,3,4.0,3.0,7.5,1.79,2,1,2968,25.47,59700,94.26,828,1327
2017,233031.0,9,1,1,3,1,213,3,1,33860,1,1,203.0,2,2,5,5.0,5,1,2,159.0,0,4.0,3.0,7.5,1.79,2,1,2968,25.47,59700,94.26,828,1327
2017,7197000003.0,7,1,1,3,1,120,3,1,33860,1,1,203.0,3,3,6,5.0,6,3,3,213.0,1,4.0,3.0,7.5,1.79,2,1,2968,25.47,59700,94.26,828,1327
2017,233031.0,9,1,1,3,1,96,3,1,33860,1,1,203.0,2,2,5,5.0,5,1,2,84.0,0,4.0,3.0,7.5,1.79,2,1,2968,25.47,59700,94.26,828,1327
2017,504713.0,7,2,1,3,1,86,3,2,33860,1,1,203.0,2,5,5,5.0,8,2,5,28.0,0,4.0,3.0,7.5,1.79,2,1,2968,25.47,59700,94.26,828,1327
2017,68583.0,5,1,1,1,1,165,2,1,33860,1,1,203.0,2,5,3,5.0,8,2,5,52.0,6,4.0,3.0,7.5,1.79,2,1,2968,25.47,59700,94.26,828,1327
2017,504713.0,7,1,1,3,1,88,3,1,33860,1,1,203.0,2,5,5,5.0,8,2,5,33.0,1,4.0,3.0,7.5,1.79,2,1,2968,25.47,59700,94.26,828,1327
2017,852218.0,9,2,1,3,1,130,3,6,33860,1,1,203.0,4,4,7,5.0,7,4,4,64.5,0,4.0,3.0,7.5,1.79,2,4,2968,25.47,59700,94.26,828,1327
2017,504713.0,7,2,1,1,1,72,3,6,33860,1,1,203.0,4,4,7,5.0,7,4,4,64.5,2,4.0,3.0,7.5,1.79,2,4,2968,25.47,59700,94.26,828,1327
2017,58255.0,3,1,2,3,1,28,3,1,33860,1,1,203.0,2,2,5,5.0,5,2,1,51.0,0,4.0,3.0,7.5,3.44,2,1,2968,25.47,59700,94.26,828,1327
2017,504713.0,7,3,1,3,1,74,3,5,33860,1,1,203.0,2,5,5,5.0,8,1,5,64.5,0,4.0,3.0,7.5,1.79,2,1,2968,25.47,59700,94.26,828,1327
2017,16889.0,3,1,1,1,1,55,3,4,33860,1,1,203.0,2,5,5,5.0,8,1,5,74.0,0,4.0,3.0,7.5,1.79,2,1,2968,25.47,59700,94.26,828,1327
2017,451965.0,9,3,1,1,1,241,3,6,33860,1,1,203.0,2,2,5,5.0,5,1,2,108.0,2,4.0,3.0,7.5,1.79,2,4,2968,25.47,59700,94.26,828,1327
2017,451965.0,9,2,1,1,1,125,3,6,33860,1,1,203.0,4,4,7,5.0,7,4,4,64.5,0,4.0,3.0,7.5,1.79,2,4,2968,25.47,59700,94.26,828,1327
2017,471809999.0,7,2,1,1,1,113,2,2,33860,1,1,203.0,2,5,5,5.0,8,2,5,31.0,0,4.0,3.0,7.5,1.79,2,1,2968,25.47,59700,94.26,828,1327
2017,504713.0,7,1,1,3,1,188,3,1,33860,1,1,203.0,2,2,5,5.0,5,1,2,69.0,3,4.0,3.0,7.5,1.79,2,1,2968,25.47,59700,94.26,828,1327
2017,480228.0,9,1,1,3,1,170,3,3,33860,1,1,203.0,2,5,5,5.0,8,1,5,51.0,0,1.0,3.0,7.5,1.79,2,1,2968,25.47,59700,94.26,828,1327
2017,504713.0,7,1,1,3,1,75,3,1,33860,1,1,203.0,2,5,5,5.0,8,2,5,34.0,1,4.0,3.0,7.5,1.79,2,1,2968,25.47,59700,94.26,828,1327
2017,7197000003.0,7,3,1,3,1,257,3,3,33860,1,1,203.0,2,5,5,5.0,8,1,5,128.0,0,4.0,3.0,7.5,1.79,2,1,2968,25.47,59700,94.26,828,1327
2017,7197000003.0,7,3,1,3,1,61,3,1,33860,1,1,203.0,2,5,5,5.0,8,1,5,64.5,2,4.0,3.0,7.5,1.79,2,1,2968,25.47,59700,94.26,828,1327
2017,58255.0,3,1,1,2,1,6,3,1,33860,1,1,203.0,2,5,5,5.0,8,1,5,61.0,0,4.0,3.0,7.5,1.79,2,3,2968,25.47,59700,94.26,828,1327
2017,504713.0,7,2,1,3,1,64,3,2,33860,1,1,203.0,2,5,5,5.0,8,2,5,64.5,0,4.0,3.0,7.5,1.79,2,1,2968,25.47,59700,94.26,828,1327
2017,471809999.0,7,3,1,3,1,85,3,4,33860,1,1,203.0,2,5,5,5.0,8,1,5,29.0,0,4.0,3.0,7.5,1.79,2,1,2968,25.47,59700,94.26,828,1327
2017,504713.0,7,2,1,1,1,79,2,1,33860,1,1,203.0,2,5,5,5.0,8,1,5,28.0,2,4.0,3.0,7.5,1.59,2,1,2968,25.47,59700,94.26,828,1327
2017,342634.0,9,2,1,1,1,91,3,1,33860,1,1,203.0,2,5,5,5.0,8,1,5,23.0,2,4.0,3.0,7.5,1.79,2,1,2968,25.47,59700,94.26,828,1327
2017,68575.0,5,1,1,3,1,50,3,1,33860,1,1,203.0,2,5,3,5.0,8,1,5,19.0,0,4.0,3.0,7.5,1.79,2,1,2968,25.47,59700,94.26,828,1327
2017,504713.0,7,1,1,1,1,96,2,1,33860,1,1,203.0,2,5,5,5.0,8,1,5,60.0,7,4.0,3.0,7.5,1.79,2,1,2968,25.47,59700,94.26,828,1327
2017,471809999.0,7,1,1,1,1,233,2,1,33860,1,1,203.0,2,2,5,5.0,5,1,2,93.0,3,4.0,3.0,7.5,1.79,2,1,2968,25.47,59700,94.26,828,1327
2017,451965.0,9,2,1,1,1,69,3,6,33860,1,1,203.0,4,4,7,5.0,7,4,4,64.5,2,4.0,3.0,7.5,1.79,2,4,2968,25.47,59700,94.26,828,1327
2017,504713.0,7,1,1,3,1,108,3,1,33860,1,1,203.0,2,5,5,5.0,8,1,5,109.0,1,4.0,3.0,7.5,1.79,2,1,2968,25.47,59700,94.26,828,1327
2017,504713.0,7,2,1,3,1,103,3,3,33860,1,1,203.0,2,5,5,5.0,8,1,5,64.5,0,4.0,3.0,7.5,1.79,2,1,2968,25.47,59700,94.26,828,1327
2017,817824.0,9,1,1,3,1,75,3,3,33860,1,1,203.0,2,2,5,5.0,5,1,2,98.0,0,3.0,3.0,7.5,1.79,2,1,2968,25.47,59700,94.26,828,1327
2017,21440.0,3,2,1,1,1,60,3,3,33860,1,1,203.0,2,5,5,5.0,8,1,5,20.0,0,6.0,3.0,7.5,1.79,2,1,2968,25.47,59700,94.26,828,1327
2017,504713.0,7,2,1,1,1,130,2,1,33860,1,1,203.0,2,5,5,5.0,8,1,5,35.0,2,4.0,3.0,7.5,1.79,2,1,2968,25.47,59700,94.26,828,1327
2017,504713.0,7,2,1,3,1,147,3,3,33860,1,1,203.0,2,5,5,5.0,8,2,5,64.5,0,9.0,3.0,7.5,1.79,2,1,2968,25.47,59700,94.26,828,1327
2017,57614.0,3,3,1,3,1,109,3,5,33860,1,1,203.0,2,2,5,5.0,5,1,2,64.5,0,4.0,3.0,7.5,1.79,2,1,2968,25.47,59700,94.26,828,1327
2017,7245000003.0,7,2,1,1,1,80,2,1,33860,1,1,203.0,2,2,4,5.0,5,1,2,23.0,7,4.0,3.0,7.5,1.79,2,1,2968,25.47,59700,94.26,828,1327
2017,342634.0,9,2,1,1,1,147,3,3,33860,1,1,203.0,2,5,5,5.0,8,1,5,46.0,0,4.0,3.0,7.5,1.79,2,1,2968,25.47,59700,94.26,828,1327
2017,7245000003.0,7,2,1,1,1,110,3,4,33860,1,1,203.0,2,5,5,5.0,8,2,5,40.0,0,4.0,3.0,7.5,1.79,2,1,2968,25.47,59700,94.26,828,1327
2017,57124.0,3,1,1,2,2,5,3,1,33860,1,1,203.0,4,5,7,5.0,8,4,5,64.5,0,4.0,3.0,7.5,1.79,2,3,2968,25.47,59700,94.26,828,1327
2017,451965.0,9,2,1,3,1,78,3,6,33860,1,1,203.0,4,4,7,5.0,7,4,4,64.5,0,4.0,3.0,7.5,1.79,2,4,2968,25.47,59700,94.26,828,1327
2017,4186591.0,9,2,1,1,1,121,3,6,33860,1,1,203.0,4,4,7,5.0,7,4,4,64.5,0,4.0,3.0,7.5,1.79,2,4,2968,25.47,59700,94.26,828,1327
2017,342634.0,9,1,1,3,2,36,3,1,33860,1,1,203.0,4,5,7,5.0,8,4,5,64.5,0,4.0,3.0,7.5,1.79,2,1,2968,25.47,59700,94.26,828,1327
2017,233031.0,9,1,1,3,1,66,3,1,33860,1,1,203.0,2,2,5,5.0,5,1,2,97.0,0,4.0,3.0,7.5,1.79,2,1,2968,25.47,59700,94.26,828,1327
2017,504713.0,7,2,1,1,1,121,3,6,33860,1,1,203.0,4,4,7,5.0,7,4,4,26.0,0,4.0,3.0,7.5,1.79,2,4,2968,25.47,59700,94.26,828,1327
2017,2735146.0,9,2,1,3,1,89,3,6,33860,1,1,203.0,4,4,7,5.0,7,4,4,64.5,0,4.0,3.0,7.5,1.79,2,4,2968,25.47,59700,94.26,828,1327
2017,57124.0,3,1,1,1,1,154,3,1,33860,1,1,203.0,2,5,5,5.0,8,1,5,402.0,0,4.0,3.0,7.5,1.79,2,1,2968,25.47,59700,94.26,828,1327
2017,471809999.0,7,2,1,1,1,74,2,1,33860,1,1,203.0,2,5,5,5.0,8,1,5,18.0,2,4.0,3.0,7.5,1.79,2,1,2968,25.47,59700,94.26,828,1327
2017,504713.0,7,1,1,1,1,103,3,6,33860,1,1,203.0,4,4,7,5.0,7,4,4,64.5,1,4.0,3.0,7.5,1.79,2,4,2968,25.47,59700,94.26,828,1327
2017,68374.0,5,1,1,1,1,65,3,3,33860,1,1,203.0,2,4,3,5.0,7,2,4,8.0,0,9.0,3.0,7.5,1.79,2,1,2968,25.47,59700,94.26,828,1327
2017,2735146.0,9,2,1,3,1,72,3,6,33860,1,1,203.0,4,4,7,5.0,7,4,4,64.5,0,4.0,3.0,7.5,1.79,2,4,2968,25.47,59700,94.26,828,1327
2017,504713.0,7,1,1,3,1,145,3,4,33860,1,1,203.0,2,5,5,5.0,8,2,5,36.0,0,4.0,3.0,7.5,1.79,2,1,2968,25.47,59700,94.26,828,1327
2017,451965.0,9,1,1,2,1,15,3,1,33860,1,1,203.0,2,5,5,5.0,8,1,5,68.0,0,4.0,3.0,7.5,1.79,2,3,2968,25.47,59700,94.26,828,1327
2017,2735146.0,9,2,1,3,1,85,3,6,33860,1,1,203.0,4,4,7,5.0,7,4,4,64.5,0,4.0,3.0,7.5,1.79,2,4,2968,25.47,59700,94.26,828,1327
2017,342634.0,9,2,1,1,1,93,3,1,33860,1,1,203.0,2,2,5,5.0,5,2,2,77.0,2,4.0,3.0,7.5,1.79,2,1,2968,25.47,59700,94.26,828,1327
2017,595270.0,9,2,1,1,1,1,3,6,33860,1,1,203.0,4,4,7,5.0,7,4,4,64.5,0,4.0,3.0,7.5,1.79,2,4,2968,25.47,59700,94.26,828,1327
2017,504713.0,7,2,1,2,1,82,3,1,33860,1,1,203.0,2,2,5,5.0,6,1,2,49.0,7,4.0,3.0,7.5,1.79,2,1,2968,25.47,59700,94.26,828,1327
2017,504713.0,7,2,1,3,1,86,3,4,33860,1,1,203.0,2,5,5,5.0,8,1,5,46.0,0,4.0,3.0,7.5,1.79,2,1,2968,25.47,59700,94.26,828,1327
2017,471809999.0,7,2,1,1,1,95,2,1,33860,1,1,203.0,2,2,5,5.0,5,1,2,61.0,2,4.0,3.0,7.5,1.73,2,1,2968,25.47,59700,94.26,828,1327
2017,7197000003.0,7,1,1,1,1,285,2,1,33860,1,1,203.0,2,2,3,5.0,3,1,2,147.0,3,4.0,3.0,7.5,1.79,2,1,2968,25.47,59700,94.26,828,1327
2017,57124.0,3,1,1,1,2,100,3,1,33860,1,1,203.0,4,5,7,5.0,8,4,5,64.5,0,4.0,3.0,7.5,1.79,2,1,2968,25.47,59700,94.26,828,1327
2017,504713.0,7,2,1,1,1,117,3,6,33860,1,1,203.0,4,5,7,5.0,8,4,5,64.5,2,4.0,3.0,7.5,1.79,2,4,2968,25.47,59700,94.26,828,1327
2017,68575.0,5,1,1,3,1,190,3,1,33860,1,1,203.0,2,2,5,5.0,5,1,2,139.0,0,4.0,3.0,7.5,1.79,2,1,2968,25.47,59700,94.26,828,1327
2017,8663.0,3,1,1,3,1,165,3,1,33860,1,1,203.0,2,2,5,5.0,5,1,2,66.0,3,4.0,3.0,7.5,1.79,2,1,2968,25.47,59700,94.26,828,1327
2017,504713.0,7,3,1,3,1,98,3,6,33860,1,1,203.0,4,4,7,5.0,7,4,4,64.5,2,4.0,3.0,7.5,1.79,2,4,2968,25.47,59700,94.26,828,1327
2017,504713.0,7,2,1,1,1,100,3,6,33860,1,1,203.0,4,4,7,5.0,7,4,4,64.5,2,4.0,3.0,7.5,1.79,2,4,2968,25.47,59700,94.26,828,1327
2017,7197000003.0,7,1,1,1,1,91,2,1,33860,1,1,203.0,2,5,5,5.0,8,1,5,29.0,3,4.0,3.0,7.5,1.79,2,1,2968,25.47,59700,94.26,828,1327
2017,504713.0,7,2,1,3,1,129,3,6,33860,1,1,203.0,2,5,5,5.0,8,1,5,21.0,2,4.0,3.0,7.5,1.79,2,4,2968,25.47,59700,94.26,828,1327
2017,504713.0,7,2,1,2,1,76,3,3,33860,1,1,203.0,2,5,3,5.0,8,1,5,81.0,0,4.0,3.0,7.5,1.79,2,1,2968,25.47,59700,94.26,828,1327
2017,12437.0,3,2,1,1,1,64,3,1,33860,1,1,203.0,2,5,5,5.0,8,1,5,52.0,2,4.0,3.0,7.5,1.79,2,1,2968,25.47,59700,94.26,828,1327
2017,504713.0,7,2,1,1,1,79,2,1,33860,1,1,203.0,2,5,3,5.0,8,2,5,25.0,2,4.0,3.0,7.5,1.79,2,1,2968,25.47,59700,94.26,828,1327
2017,68374.0,5,1,1,1,1,223,3,1,33860,1,1,203.0,2,2,5,5.0,5,1,1,193.0,0,4.0,3.0,7.5,1.79,2,1,2968,25.47,59700,94.26,828,1327
2017,504713.0,7,2,1,1,1,72,2,1,33860,1,1,203.0,2,5,5,5.0,8,2,5,27.0,9,4.0,3.0,7.5,1.79,2,1,2968,25.47,59700,94.26,828,1327
2017,24382.0,5,1,2,1,1,107,3,2,33860,1,1,203.0,2,2,5,5.0,5,2,1,83.0,0,4.0,3.0,7.5,1.79,2,1,2968,25.47,59700,94.26,828,1327
2017,342634.0,9,3,1,3,1,191,3,1,33860,1,1,203.0,2,5,5,5.0,8,1,5,64.5,2,4.0,3.0,7.5,1.79,2,1,2968,25.47,59700,94.26,828,1327
2017,471809999.0,7,2,1,1,1,219,2,1,33860,1,1,203.0,2,5,5,5.0,8,1,5,77.0,2,4.0,3.0,7.5,1.79,2,1,2968,25.47,59700,94.26,828,1327
2017,233031.0,9,1,1,2,2,55,3,1,33860,1,1,203.0,2,2,5,5.0,5,2,2,94.0,0,4.0,3.0,7.5,1.79,2,1,2968,25.47,59700,94.26,828,1327
2017,451965.0,9,1,1,3,1,150,3,1,33860,1,1,203.0,2,5,5,5.0,8,2,5,124.0,1,4.0,3.0,7.5,1.79,2,1,2968,25.47,59700,94.26,828,1327
2017,504713.0,7,3,1,3,1,398,3,4,33860,1,1,203.0,2,5,1,5.0,8,1,5,107.0,0,4.0,3.0,7.5,1.79,2,1,2968,25.47,59700,94.26,828,1327
2017,504713.0,7,2,1,3,1,82,3,6,33860,1,1,203.0,4,5,7,5.0,8,4,5,64.5,2,4.0,3.0,7.5,1.79,2,4,2968,25.47,59700,94.26,828,1327
2017,504713.0,7,1,1,3,1,72,3,4,33860,1,1,203.0,2,5,3,5.0,8,1,5,48.0,0,4.0,3.0,7.5,1.79,2,1,2968,25.47,59700,94.26,828,1327
2017,342634.0,9,1,1,1,1,237,3,1,33860,1,1,203.0,2,5,5,5.0,8,1,5,80.0,1,4.0,3.0,7.5,1.79,2,1,2968,25.47,59700,94.26,828,1327
2017,342634.0,9,1,1,1,1,90,3,1,33860,1,1,203.0,2,5,5,5.0,8,2,5,38.0,1,4.0,3.0,7.5,1.79,2,1,2968,25.47,59700,94.26,828,1327
2017,342634.0,9,2,1,1,1,113,3,1,33860,1,1,203.0,2,5,5,5.0,8,2,5,31.0,2,4.0,3.0,7.5,1.79,2,1,2968,25.47,59700,94.26,828,1327
2017,68575.0,5,1,1,3,1,93,3,1,33860,1,1,203.0,2,5,5,5.0,8,1,5,17.0,0,4.0,3.0,7.5,1.79,2,1,2968,25.47,59700,94.26,828,1327
2017,7197000003.0,7,3,1,1,1,87,2,1,33860,1,1,203.0,2,5,3,5.0,8,1,5,32.0,2,4.0,3.0,7.5,1.79,2,1,2968,25.47,59700,94.26,828,1327
2017,504713.0,7,2,1,1,1,93,2,4,33860,1,1,203.0,2,2,5,5.0,5,2,1,82.0,0,4.0,3.0,7.5,1.79,2,1,2968,25.47,59700,94.26,828,1327
2017,504713.0,7,1,1,1,1,103,1,1,33860,1,1,203.0,2,5,5,5.0,8,1,5,49.0,9,4.0,3.0,7.5,1.79,2,1,2968,25.47,59700,94.26,828,1327
2017,7516800003.0,7,2,1,1,1,114,3,6,33860,1,1,203.0,4,4,7,5.0,7,4,4,64.5,2,4.0,3.0,7.5,1.79,2,4,2968,25.47,59700,94.26,828,1327
2017,342634.0,9,3,1,1,1,97,3,1,33860,1,1,203.0,2,5,5,5.0,8,1,5,24.0,2,4.0,3.0,7.5,1.79,2,1,2968,25.47,59700,94.26,828,1327
2017,504713.0,7,1,1,3,1,149,3,3,33860,1,1,203.0,2,5,5,5.0,8,2,5,64.5,0,9.0,3.0,7.5,1.79,2,1,2968,25.47,59700,94.26,828,1327
2017,451965.0,9,3,1,3,1,78,3,6,33860,1,1,203.0,4,4,7,5.0,7,4,4,64.5,2,4.0,3.0,7.5,1.79,2,4,2968,25.47,59700,94.26,828,1327
2017,504713.0,7,2,1,1,1,85,3,1,33860,1,1,203.0,2,5,5,5.0,8,1,5,23.0,9,4.0,3.0,7.5,1.79,2,1,2968,25.47,59700,94.26,828,1327
2017,504713.0,7,2,1,3,1,47,3,3,33860,1,1,203.0,2,2,5,5.0,5,1,2,31.0,0,3.0,3.0,7.5,1.79,2,1,2968,25.47,59700,94.26,828,1327
2017,504713.0,7,2,1,1,1,130,3,6,33860,1,1,203.0,4,4,7,5.0,7,4,4,64.5,2,4.0,3.0,7.5,1.79,2,4,2968,25.47,59700,94.26,828,1327
2017,342634.0,9,1,1,1,1,222,3,1,33860,1,1,203.0,2,5,5,5.0,8,1,5,106.0,1,4.0,3.0,7.5,1.79,2,1,2968,25.47,59700,94.26,828,1327
2017,817824.0,9,1,1,3,1,52,3,4,33860,1,1,203.0,2,5,5,5.0,8,2,5,25.0,0,4.0,3.0,7.5,1.79,2,1,2968,25.47,59700,94.26,828,1327
2017,471809999.0,7,2,1,1,1,190,2,3,33860,1,1,203.0,2,2,5,5.0,5,1,2,126.0,0,7.0,3.0,7.5,1.79,2,1,2968,25.47,59700,94.26,828,1327
2017,504713.0,7,3,1,3,1,209,3,5,33860,1,1,203.0,2,2,5,5.0,5,1,2,61.0,0,4.0,3.0,7.5,1.79,2,1,2968,25.47,59700,94.26,828,1327
2017,504713.0,7,1,1,1,1,142,3,1,33860,1,1,203.0,2,5,5,5.0,8,1,5,62.0,3,4.0,3.0,7.5,1.79,2,1,2968,25.47,59700,94.26,828,1327
2017,233031.0,9,1,1,3,2,82,3,1,33860,1,1,203.0,2,5,5,5.0,8,2,5,83.0,0,4.0,3.0,7.5,1.79,2,1,2968,25.47,59700,94.26,828,1327
2017,342634.0,9,1,1,1,1,117,3,1,33860,1,1,203.0,2,5,5,5.0,8,2,5,43.0,0,4.0,3.0,7.5,1.79,2,1,2968,25.47,59700,94.26,828,1327
2017,68374.0,5,1,1,3,1,101,3,1,33860,1,1,203.0,2,2,5,5.0,5,1,2,79.0,0,4.0,3.0,7.5,1.53,2,1,2968,25.47,59700,94.26,828,1327
2017,504713.0,7,2,1,3,1,121,3,3,33860,1,1,203.0,2,5,5,5.0,8,1,5,65.0,0,4.0,3.0,7.5,1.79,2,1,2968,25.47,59700,94.26,828,1327
2017,342634.0,9,2,1,1,1,147,3,1,33860,1,1,203.0,2,5,5,5.0,8,1,5,46.0,2,4.0,3.0,7.5,1.79,2,1,2968,25.47,59700,94.26,828,1327
2017,68575.0,5,1,1,3,1,155,3,1,33860,1,1,203.0,2,5,5,5.0,8,1,5,94.0,0,4.0,3.0,7.5,1.79,2,1,2968,25.47,59700,94.26,828,1327
2017,504713.0,3,2,1,1,1,118,3,6,33860,1,1,203.0,4,4,7,5.0,7,4,4,64.5,7,4.0,3.0,7.5,1.79,2,4,2968,25.47,59700,94.26,828,1327
2017,68575.0,5,1,1,1,1,88,3,1,33860,1,1,203.0,2,5,5,5.0,8,1,5,32.0,0,4.0,3.0,7.5,1.79,2,1,2968,25.47,59700,94.26,828,1327
2017,504713.0,7,3,1,3,1,125,3,1,33860,1,1,203.0,2,5,3,5.0,8,2,5,42.0,2,4.0,3.0,7.5,1.79,2,1,2968,25.47,59700,94.26,828,1327
2017,504713.0,7,2,1,1,1,114,2,1,33860,1,1,203.0,2,2,5,5.0,5,1,2,62.0,7,4.0,3.0,7.5,1.53,2,1,2968,25.47,59700,94.26,828,1327
2017,504713.0,7,2,1,3,1,72,3,1,33860,1,1,203.0,2,2,5,5.0,5,1,2,64.5,2,4.0,3.0,7.5,1.79,2,1,2968,25.47,59700,94.26,828,1327
2017,7197000003.0,7,1,1,3,1,126,3,4,33860,1,1,203.0,2,5,5,5.0,8,1,5,35.0,0,4.0,3.0,7.5,1.79,2,1,2968,25.47,59700,94.26,828,1327
2017,233031.0,9,1,1,2,2,71,3,1,33860,1,1,203.0,2,5,5,5.0,8,1,5,96.0,0,4.0,3.0,7.5,1.79,2,1,2968,25.47,59700,94.26,828,1327
2017,504713.0,7,2,1,3,1,92,3,4,33860,1,1,203.0,2,5,3,5.0,8,1,5,56.0,0,4.0,3.0,7.5,1.79,2,1,2968,25.47,59700,94.26,828,1327
2017,342634.0,9,2,1,1,1,83,3,1,33860,1,1,203.0,2,5,5,5.0,8,1,5,44.0,2,4.0,3.0,7.5,1.79,2,1,2968,25.47,59700,94.26,828,1327
2017,852320.0,9,1,1,3,2,174,3,1,33860,1,1,203.0,2,2,5,5.0,5,1,2,333.0,3,4.0,3.0,7.5,1.79,2,1,2968,25.47,59700,94.26,828,1327
2017,504713.0,7,3,1,3,1,96,3,1,33860,1,1,203.0,2,2,5,5.0,5,1,2,55.0,2,4.0,3.0,7.5,1.79,2,1,2968,25.47,59700,94.26,828,1327
2017,504713.0,7,2,1,1,1,110,2,1,33860,1,1,203.0,2,5,5,5.0,8,1,5,49.0,7,4.0,3.0,7.5,1.5,2,1,2968,25.47,59700,94.26,828,1327
2017,342634.0,9,1,1,3,1,15,3,1,33860,1,1,203.0,2,2,5,5.0,5,1,2,24.0,0,4.0,3.0,7.5,1.79,2,2,2968,25.47,59700,94.26,828,1327
2017,451965.0,9,2,1,1,1,105,3,6,33860,1,1,203.0,4,4,7,5.0,7,4,4,64.5,0,4.0,3.0,7.5,1.79,2,4,2968,25.47,59700,94.26,828,1327
2017,504713.0,7,2,1,3,1,86,3,2,33860,1,1,203.0,2,5,5,5.0,8,2,5,42.0,0,4.0,3.0,7.5,1.79,2,1,2968,25.47,59700,94.26,828,1327
2017,342634.0,9,2,1,1,1,94,3,1,33860,1,1,203.0,2,5,5,5.0,8,1,5,48.0,2,4.0,3.0,7.5,1.79,2,1,2968,25.47,59700,94.26,828,1327
2017,233031.0,9,1,1,1,1,99,2,1,33860,1,1,203.0,2,2,5,5.0,5,1,2,48.0,1,4.0,3.0,7.5,1.79,2,1,2968,25.47,59700,94.26,828,1327
2017,8663.0,3,1,1,3,1,308,3,1,33860,1,1,203.0,2,2,5,5.0,5,3,3,108.0,0,4.0,3.0,7.5,1.79,2,1,2968,25.47,59700,94.26,828,1327
2017,7197000003.0,7,3,1,3,1,105,3,4,33860,1,1,203.0,2,5,3,5.0,8,1,5,80.0,0,4.0,3.0,7.5,1.79,2,1,2968,25.47,59700,94.26,828,1327
2017,471809999.0,7,2,1,1,1,113,2,4,33860,1,1,203.0,2,5,5,5.0,8,2,5,31.0,0,4.0,3.0,7.5,1.79,2,1,2968,25.47,59700,94.26,828,1327
2017,504713.0,7,2,1,3,1,86,3,2,33860,1,1,203.0,2,5,5,5.0,8,2,5,42.0,0,4.0,3.0,7.5,1.79,2,1,2968,25.47,59700,94.26,828,1327
2017,504713.0,7,2,1,1,1,88,2,1,33860,1,1,203.0,2,5,5,5.0,8,2,5,29.0,2,4.0,3.0,7.5,1.79,2,1,2968,25.47,59700,94.26,828,1327
2017,504713.0,7,2,1,1,1,121,2,1,33860,1,1,203.0,2,5,5,5.0,8,1,5,49.0,9,4.0,3.0,7.5,1.79,2,1,2968,25.47,59700,94.26,828,1327
2017,504713.0,3,1,1,1,1,94,3,1,33860,1,1,203.0,2,5,5,5.0,8,1,5,53.0,1,4.0,3.0,7.5,1.79,2,1,2968,25.47,59700,94.26,828,1327
2017,619877.0,9,1,1,1,1,112,3,1,33860,1,1,203.0,2,2,5,5.0,5,1,2,35.0,0,4.0,3.0,7.5,1.79,2,1,2968,25.47,59700,94.26,828,1327
2017,3656.0,1,3,1,1,1,241,3,1,33860,1,1,203.0,2,2,5,5.0,5,1,2,108.0,6,4.0,3.0,7.5,1.79,2,1,2968,25.47,59700,94.26,828,1327
2017,504713.0,7,2,1,1,1,100,2,1,33860,1,1,203.0,2,2,3,5.0,3,2,1,58.0,9,4.0,3.0,7.5,1.79,2,1,2968,25.47,59700,94.26,828,1327
2017,68575.0,5,1,1,3,1,182,3,1,33860,1,1,203.0,2,5,5,5.0,8,1,5,55.0,0,4.0,3.0,7.5,1.79,2,1,2968,25.47,59700,94.26,828,1327
2017,504713.0,7,1,1,3,1,47,3,1,33860,1,1,203.0,2,5,3,5.0,8,2,5,13.0,1,4.0,3.0,7.5,1.79,2,1,2968,25.47,59700,94.26,828,1327
2017,24382.0,5,1,2,1,1,53,3,2,33860,1,1,203.0,2,5,5,5.0,8,1,5,57.0,0,4.0,3.0,7.5,1.79,2,1,2968,25.47,59700,94.26,828,1327
2017,504713.0,7,1,1,3,1,181,3,5,33860,1,1,203.0,2,2,5,5.0,5,1,2,69.0,0,4.0,3.0,7.5,1.79,2,1,2968,25.47,59700,94.26,828,1327
2017,504713.0,7,2,1,3,1,86,3,2,33860,1,1,203.0,2,5,5,5.0,8,2,5,37.0,0,4.0,3.0,7.5,1.79,2,1,2968,25.47,59700,94.26,828,1327
2017,68575.0,5,1,1,3,1,120,3,1,33860,1,1,203.0,2,2,5,5.0,5,1,2,75.0,0,4.0,3.0,7.5,1.79,2,1,2968,25.47,59700,94.26,828,1327
2017,504713.0,7,1,1,1,2,107,2,1,33860,1,1,203.0,2,5,5,5.0,8,1,5,119.0,3,4.0,3.0,7.5,1.79,2,1,2968,25.47,59700,94.26,828,1327
2017,342634.0,9,2,1,1,1,109,3,1,33860,1,1,203.0,2,5,5,5.0,8,1,5,35.0,2,4.0,3.0,7.5,1.79,2,1,2968,25.47,59700,94.26,828,1327
2017,7197000003.0,7,1,1,3,1,155,3,3,33860,1,1,203.0,3,5,6,5.0,8,3,5,120.0,0,7.0,3.0,7.5,1.79,2,1,2968,25.47,59700,94.26,828,1327
2017,68575.0,5,1,1,3,1,132,3,3,33860,1,1,203.0,2,5,5,5.0,8,2,5,49.0,0,4.0,3.0,7.5,1.79,2,1,2968,25.47,59700,94.26,828,1327
2017,58255.0,3,1,1,2,2,20,3,1,33860,1,1,203.0,4,5,7,5.0,8,4,5,64.5,0,4.0,3.0,7.5,1.79,2,1,2968,25.47,59700,94.26,828,1327
2017,342634.0,9,1,1,1,1,117,3,1,33860,1,1,203.0,2,5,5,5.0,8,1,5,27.0,0,4.0,3.0,7.5,1.79,2,1,2968,25.47,59700,94.26,828,1327
2017,451965.0,9,2,1,1,1,70,3,6,33860,1,1,203.0,4,4,7,5.0,7,4,4,64.5,0,4.0,3.0,7.5,1.79,2,4,2968,25.47,59700,94.26,828,1327
2017,3656.0,1,1,1,2,1,18,3,1,33860,1,1,203.0,3,3,6,5.0,6,3,3,144.0,0,4.0,3.0,7.5,1.79,2,2,2968,25.47,59700,94.26,828,1327
2017,7245000003.0,7,2,1,1,1,130,2,1,33860,1,1,203.0,2,5,5,5.0,8,2,5,40.0,9,4.0,3.0,7.5,1.79,2,1,2968,25.47,59700,94.26,828,1327
2017,471809999.0,7,2,1,1,1,122,2,1,33860,1,1,203.0,2,5,5,5.0,8,2,5,52.0,2,4.0,3.0,7.5,1.79,2,1,2968,25.47,59700,94.26,828,1327
2017,7245000003.0,7,1,1,2,1,2,3,1,33860,1,1,203.0,2,2,4,5.0,5,1,2,21.0,9,4.0,3.0,7.5,1.79,2,2,2968,25.47,59700,94.26,828,1327
2017,146672.0,9,2,1,1,1,175,3,6,33860,1,1,204.0,4,4,7,5.0,7,4,4,64.5,2,4.0,3.0,7.5,1.79,2,4,4423,17.21,59700,116.82,1345,1806
2017,817824.0,9,1,1,2,1,3,3,1,33860,1,1,204.0,2,5,5,5.0,8,1,5,60.0,0,4.0,3.0,7.5,1.79,2,3,4423,17.21,59700,116.82,1345,1806
2017,57124.0,3,1,1,1,1,124,3,2,33860,1,1,204.0,2,2,5,5.0,5,1,2,97.0,0,4.0,3.0,7.5,1.79,2,1,4423,17.21,59700,116.82,1345,1806
2017,7197000003.0,7,1,1,3,2,66,3,1,33860,1,1,204.0,2,2,5,5.0,5,1,2,102.0,3,4.0,3.0,7.5,1.79,2,1,4423,17.21,59700,116.82,1345,1806
2017,68374.0,5,1,1,3,1,375,3,1,33860,1,1,204.0,2,2,5,5.0,5,1,2,100.0,0,4.0,3.0,7.5,2.68,2,1,4423,17.21,59700,116.82,1345,1806
2017,504713.0,7,3,1,3,1,100,3,5,33860,1,1,204.0,3,5,6,5.0,8,1,5,64.5,0,4.0,3.0,7.5,1.79,2,1,4423,17.21,59700,116.82,1345,1806
2017,504713.0,7,1,1,1,2,70,2,1,33860,1,1,204.0,2,5,4,5.0,8,1,5,100.0,9,4.0,3.0,7.5,1.79,2,1,4423,17.21,59700,116.82,1345,1806
2017,703927.0,1,3,1,3,1,170,3,1,33860,1,1,204.0,2,5,5,5.0,8,1,5,122.0,0,4.0,3.0,7.5,1.79,2,1,4423,17.21,59700,116.82,1345,1806
2017,504713.0,7,2,1,1,1,275,3,3,33860,1,1,204.0,2,2,3,5.0,5,1,2,145.0,0,3.0,3.0,7.5,1.79,2,1,4423,17.21,59700,116.82,1345,1806
2017,504713.0,7,3,1,1,1,290,2,1,33860,1,1,204.0,2,5,5,5.0,8,1,5,92.0,2,4.0,3.0,7.5,1.79,2,1,4423,17.21,59700,116.82,1345,1806
2017,504713.0,7,3,1,3,1,106,3,1,33860,1,1,204.0,2,2,5,5.0,5,1,2,38.0,2,4.0,3.0,7.5,1.79,2,1,4423,17.21,59700,116.82,1345,1806
2017,504713.0,7,1,1,3,1,183,3,3,33860,1,1,204.0,2,5,5,5.0,8,1,5,69.0,0,4.0,3.0,7.5,1.79,2,1,4423,17.21,59700,116.82,1345,1806
2017,233031.0,9,1,1,2,1,6,3,1,33860,1,1,204.0,2,5,5,5.0,8,2,5,42.0,0,4.0,3.0,7.5,1.79,2,3,4423,17.21,59700,116.82,1345,1806
2017,463735.0,9,1,1,2,1,10,3,1,33860,1,1,204.0,2,5,5,5.0,8,2,5,24.0,0,4.0,3.0,7.5,1.79,2,3,4423,17.21,59700,116.82,1345,1806
2017,7245000003.0,7,1,1,1,1,128,2,1,33860,1,1,204.0,2,5,5,5.0,8,2,5,64.0,9,4.0,3.0,7.5,1.79,2,1,4423,17.21,59700,116.82,1345,1806
2017,504713.0,3,1,1,1,1,158,2,1,33860,1,1,204.0,2,5,5,5.0,8,1,5,73.0,6,4.0,3.0,7.5,1.79,2,1,4423,17.21,59700,116.82,1345,1806
2017,471809999.0,7,1,1,1,1,116,2,1,33860,1,1,204.0,2,5,5,5.0,8,1,5,40.0,1,4.0,3.0,7.5,1.79,2,1,4423,17.21,59700,116.82,1345,1806
2017,504713.0,7,2,1,1,1,69,2,1,33860,1,1,204.0,2,5,5,5.0,8,1,5,63.0,7,4.0,3.0,7.5,1.75,2,1,4423,17.21,59700,116.82,1345,1806
2017,7245000003.0,7,2,1,1,1,245,1,4,33860,1,1,204.0,2,2,5,5.0,5,1,2,91.0,0,4.0,3.0,7.5,1.79,2,1,4423,17.21,59700,116.82,1345,1806
2017,342634.0,9,1,1,1,1,128,3,1,33860,1,1,204.0,2,5,5,5.0,8,2,5,64.0,0,4.0,3.0,7.5,1.79,2,1,4423,17.21,59700,116.82,1345,1806
2017,504713.0,7,2,1,1,1,69,2,1,33860,1,1,204.0,2,5,5,5.0,8,1,5,63.0,2,4.0,3.0,7.5,1.79,2,1,4423,17.21,59700,116.82,1345,1806
2017,58255.0,3,1,3,3,3,372,3,1,33860,1,1,204.0,4,5,7,5.0,8,4,5,64.5,0,4.0,3.0,7.5,1.79,2,1,4423,17.21,59700,116.82,1345,1806
2017,504713.0,7,2,1,1,1,106,2,1,33860,1,1,204.0,2,2,5,5.0,5,2,1,100.0,9,4.0,3.0,7.5,1.79,2,1,4423,17.21,59700,116.82,1345,1806
2017,451965.0,9,1,1,3,1,198,3,6,33860,1,1,204.0,2,2,5,5.0,5,1,2,186.0,0,4.0,3.0,7.5,1.79,2,4,4423,17.21,59700,116.82,1345,1806
2017,675332.0,9,1,1,2,1,15,3,1,33860,1,1,204.0,2,2,5,1.0,5,1,2,93.0,0,4.0,3.0,7.5,1.79,2,3,4423,17.21,59700,116.82,1345,1806
2017,471809999.0,7,1,1,1,1,146,2,1,33860,1,1,204.0,2,5,5,5.0,8,1,5,85.0,1,4.0,3.0,7.5,1.79,2,1,4423,17.21,59700,116.82,1345,1806
2017,504713.0,7,3,1,3,1,190,3,1,33860,1,1,204.0,2,2,5,5.0,5,1,2,73.0,2,4.0,3.0,7.5,1.79,2,1,4423,17.21,59700,116.82,1345,1806
2017,342634.0,9,1,1,1,1,6,3,1,33860,1,1,204.0,2,2,5,5.0,5,2,1,62.0,0,4.0,3.0,7.5,1.79,2,2,4423,17.21,59700,116.82,1345,1806
2017,68575.0,5,1,1,1,1,201,3,1,33860,1,1,204.0,2,5,5,5.0,8,2,5,93.0,0,4.0,3.0,7.5,1.79,2,1,4423,17.21,59700,116.82,1345,1806
2017,504713.0,7,3,1,3,2,110,3,1,33860,1,1,204.0,2,2,5,5.0,5,1,2,64.5,2,4.0,3.0,7.5,1.79,2,1,4423,17.21,59700,116.82,1345,1806
2017,504713.0,7,3,1,1,1,90,3,4,33860,1,1,204.0,2,5,5,5.0,8,2,5,29.0,0,4.0,3.0,7.5,1.79,2,1,4423,17.21,59700,116.82,1345,1806
2017,504713.0,7,1,1,3,1,100,3,1,33860,1,1,204.0,2,5,5,5.0,8,1,5,88.0,0,4.0,3.0,7.5,1.79,2,1,4423,17.21,59700,116.82,1345,1806
2017,62728.0,5,1,1,3,1,142,3,1,33860,1,1,204.0,2,2,5,5.0,5,1,2,104.0,0,4.0,3.0,7.5,1.79,2,1,4423,17.21,59700,116.82,1345,1806
2017,504713.0,7,2,1,3,1,97,3,3,33860,1,1,204.0,2,5,5,5.0,8,1,5,32.0,0,4.0,3.0,7.5,1.79,2,1,4423,17.21,59700,116.82,1345,1806
2017,504713.0,7,1,1,3,1,76,3,1,33860,1,1,204.0,2,5,5,5.0,8,1,5,70.0,1,4.0,3.0,7.5,1.79,2,1,4423,17.21,59700,116.82,1345,1806
2017,504713.0,7,1,1,1,1,119,2,1,33860,1,1,204.0,2,2,5,5.0,5,1,2,70.0,1,4.0,3.0,7.5,1.79,2,1,4423,17.21,59700,116.82,1345,1806
2017,2838.0,3,1,1,2,1,1,3,1,33860,1,1,204.0,2,2,5,5.0,5,2,1,38.0,0,4.0,3.0,7.5,1.79,2,3,4423,17.21,59700,116.82,1345,1806
2017,504713.0,7,2,1,1,1,80,2,1,33860,1,1,204.0,2,5,5,5.0,8,2,5,20.0,7,4.0,3.0,7.5,1.78,2,1,4423,17.21,59700,116.82,1345,1806
2017,12437.0,3,2,1,1,1,96,3,1,33860,1,1,204.0,2,5,5,5.0,8,2,5,52.0,2,4.0,3.0,7.5,1.79,2,1,4423,17.21,59700,116.82,1345,1806
2017,504713.0,7,1,1,2,1,198,3,1,33860,1,1,204.0,2,2,5,5.0,5,1,2,186.0,7,4.0,3.0,7.5,1.79,2,1,4423,17.21,59700,116.82,1345,1806
2017,3656.0,1,1,1,1,1,57,3,3,33860,1,1,204.0,2,5,5,5.0,8,1,5,23.0,0,1.0,3.0,7.5,1.79,2,1,4423,17.21,59700,116.82,1345,1806
2017,471809999.0,7,1,1,1,2,45,2,2,33860,1,1,204.0,2,5,5,5.0,8,1,5,227.0,0,4.0,3.0,7.5,1.79,2,1,4423,17.21,59700,116.82,1345,1806
2017,12437.0,3,1,1,3,1,95,3,1,33860,1,1,204.0,2,2,5,5.0,5,1,2,123.0,1,4.0,3.0,7.5,1.79,2,1,4423,17.21,59700,116.82,1345,1806
2017,451965.0,9,1,1,1,1,211,3,3,33860,1,1,204.0,2,2,5,5.0,5,1,2,95.0,0,4.0,3.0,7.5,1.79,2,1,4423,17.21,59700,116.82,1345,1806
2017,342634.0,9,1,1,1,1,67,3,1,33860,1,1,204.0,2,2,5,5.0,5,1,2,52.0,1,4.0,3.0,7.5,1.79,2,1,4423,17.21,59700,116.82,1345,1806
2017,471809999.0,7,1,1,1,1,71,2,1,33860,1,1,204.0,2,5,5,5.0,8,2,5,13.0,1,4.0,3.0,7.5,1.79,2,1,4423,17.21,59700,116.82,1345,1806
2017,617677.0,9,1,1,2,1,40,3,3,33860,1,1,204.0,2,5,3,5.0,8,1,5,147.0,0,3.0,3.0,7.5,1.79,2,3,4423,17.21,59700,116.82,1345,1806
2017,697633.0,9,2,1,1,1,139,3,1,33860,1,1,204.0,2,2,5,5.0,5,2,1,38.0,2,4.0,3.0,7.5,1.79,2,1,4423,17.21,59700,116.82,1345,1806
2017,3656.0,1,2,1,1,1,59,3,3,33860,1,1,204.0,2,5,5,5.0,8,1,5,23.0,0,1.0,3.0,7.5,1.79,2,1,4423,17.21,59700,116.82,1345,1806
2017,504713.0,7,1,1,1,2,211,2,1,33860,1,1,204.0,3,3,6,5.0,6,1,2,179.0,0,4.0,3.0,7.5,1.79,2,1,4423,17.21,59700,116.82,1345,1806
2017,12437.0,3,3,1,3,1,75,3,1,33860,1,1,204.0,2,2,5,5.0,5,1,2,63.0,2,4.0,3.0,7.5,1.79,2,1,4423,17.21,59700,116.82,1345,1806
2017,451965.0,9,1,1,1,1,158,3,6,33860,1,1,204.0,2,5,5,5.0,8,1,5,73.0,3,4.0,3.0,7.5,1.79,2,4,4423,17.21,59700,116.82,1345,1806
2017,504713.0,7,1,1,1,1,101,2,1,33860,1,1,204.0,2,5,5,5.0,8,1,5,57.0,9,4.0,3.0,7.5,1.79,2,1,4423,17.21,59700,116.82,1345,1806
2017,817824.0,9,1,1,3,1,191,3,1,33860,1,1,204.0,2,2,5,5.0,5,2,1,109.0,0,4.0,3.0,7.5,1.79,2,1,4423,17.21,59700,116.82,1345,1806
2017,471809999.0,7,3,1,1,1,149,2,1,33860,1,1,204.0,2,2,5,5.0,5,1,2,87.0,2,4.0,3.0,7.5,1.79,2,1,4423,17.21,59700,116.82,1345,1806
2017,233031.0,9,1,1,3,1,139,3,1,33860,1,1,204.0,2,2,5,5.0,5,2,1,88.0,0,4.0,3.0,7.5,1.79,2,1,4423,17.21,59700,116.82,1345,1806
2017,504713.0,7,2,1,3,1,104,3,1,33860,1,1,204.0,2,2,5,5.0,5,2,1,69.0,2,4.0,3.0,7.5,1.79,2,1,4423,17.21,59700,116.82,1345,1806
2017,7197000003.0,7,1,1,1,2,70,2,3,33860,1,1,204.0,3,5,6,5.0,8,3,5,96.0,0,1.0,3.0,7.5,1.79,2,1,4423,17.21,59700,116.82,1345,1806
2017,471809999.0,7,2,1,1,1,170,2,1,33860,1,1,204.0,2,5,5,5.0,8,2,5,52.0,2,4.0,3.0,7.5,1.79,2,1,4423,17.21,59700,116.82,1345,1806
2017,471809999.0,7,3,1,1,1,130,2,1,33860,1,1,204.0,2,5,5,5.0,8,2,5,36.0,2,4.0,3.0,7.5,1.79,2,1,4423,17.21,59700,116.82,1345,1806
2017,7197000003.0,7,1,1,3,1,316,3,1,33860,1,1,204.0,2,2,5,5.0,5,1,2,224.0,1,4.0,3.0,7.5,1.79,2,1,4423,17.21,59700,116.82,1345,1806
2017,504713.0,7,3,1,1,1,115,2,1,33860,1,1,204.0,2,5,5,5.0,8,1,5,46.0,7,4.0,3.0,7.5,1.79,2,1,4423,17.21,59700,116.82,1345,1806
2017,817824.0,9,1,1,2,1,25,3,1,33860,1,1,204.0,2,2,5,5.0,5,2,1,54.0,0,4.0,3.0,7.5,1.79,2,3,4423,17.21,59700,116.82,1345,1806
2017,504713.0,7,3,1,3,1,100,3,4,33860,1,1,204.0,3,5,6,5.0,8,3,5,64.5,0,4.0,3.0,7.5,1.79,2,1,4423,17.21,59700,116.82,1345,1806
2017,504713.0,7,2,1,1,1,78,2,1,33860,1,1,204.0,2,5,5,5.0,8,1,5,40.0,7,4.0,3.0,7.5,1.79,2,1,4423,17.21,59700,116.82,1345,1806
2017,57124.0,3,1,1,1,1,93,3,1,33860,1,1,204.0,2,2,5,5.0,5,1,2,137.0,0,4.0,3.0,7.5,1.66,2,1,4423,17.21,59700,116.82,1345,1806
2017,817824.0,9,1,1,3,1,149,3,1,33860,1,1,204.0,2,5,5,5.0,8,2,5,54.0,0,4.0,3.0,7.5,1.79,2,1,4423,17.21,59700,116.82,1345,1806
2017,504713.0,7,2,1,1,1,172,2,1,33860,1,1,204.0,2,5,5,5.0,8,2,5,103.0,2,4.0,3.0,7.5,2.08,2,1,4423,17.21,59700,116.82,1345,1806
2017,504713.0,7,2,1,3,1,78,3,5,33860,1,1,204.0,3,5,6,5.0,8,2,5,21.0,0,4.0,3.0,7.5,1.79,2,1,4423,17.21,59700,116.82,1345,1806
2017,504713.0,7,3,1,3,1,82,3,4,33860,1,1,204.0,2,2,5,5.0,5,1,2,59.0,0,4.0,3.0,7.5,1.79,2,1,4423,17.21,59700,116.82,1345,1806
2017,703927.0,1,3,1,2,1,184,3,3,33860,1,1,204.0,2,5,5,5.0,8,1,5,37.0,0,7.0,3.0,7.5,1.79,2,1,4423,17.21,59700,116.82,1345,1806
2017,504713.0,7,2,1,3,1,62,3,5,33860,1,1,204.0,2,5,5,5.0,8,1,5,17.0,0,4.0,3.0,7.5,1.79,2,1,4423,17.21,59700,116.82,1345,1806
2017,233031.0,9,1,1,3,1,50,3,3,33860,1,1,204.0,2,5,5,5.0,8,1,5,39.0,0,4.0,3.0,7.5,1.79,2,1,4423,17.21,59700,116.82,1345,1806
2017,233031.0,9,1,1,1,1,150,2,1,33860,1,1,204.0,2,1,5,5.0,5,2,1,82.0,1,4.0,3.0,7.5,1.79,2,1,4423,17.21,59700,116.82,1345,1806
2017,504713.0,7,2,1,3,1,187,3,4,33860,1,1,204.0,2,2,5,5.0,5,1,2,122.0,0,4.0,3.0,7.5,1.79,2,1,4423,17.21,59700,116.82,1345,1806
2017,504713.0,7,2,1,1,1,236,3,6,33860,1,1,204.0,4,4,7,5.0,7,4,4,64.5,2,4.0,3.0,7.5,1.79,2,4,4423,17.21,59700,116.82,1345,1806
2017,504713.0,7,3,1,1,1,116,2,1,33860,1,1,204.0,2,5,5,5.0,8,1,5,41.0,7,4.0,3.0,7.5,1.79,2,1,4423,17.21,59700,116.82,1345,1806
2017,504713.0,7,3,1,1,1,85,3,1,33860,1,1,204.0,2,5,5,5.0,8,1,5,20.0,2,4.0,3.0,7.5,1.79,2,1,4423,17.21,59700,116.82,1345,1806
2017,504713.0,7,2,1,1,1,117,3,6,33860,1,1,204.0,4,4,7,5.0,7,4,4,64.5,2,4.0,3.0,7.5,1.79,2,4,4423,17.21,59700,116.82,1345,1806
2017,504713.0,7,1,1,3,1,99,3,4,33860,1,1,204.0,3,5,6,5.0,8,3,5,64.5,0,4.0,3.0,7.5,1.79,2,1,4423,17.21,59700,116.82,1345,1806
2017,504713.0,7,1,1,3,1,120,3,3,33860,1,1,204.0,2,2,5,5.0,5,1,2,88.0,0,4.0,3.0,7.5,1.79,2,1,4423,17.21,59700,116.82,1345,1806
2017,57124.0,3,1,1,1,2,63,3,1,33860,1,1,204.0,2,5,5,5.0,8,1,5,33.0,0,4.0,3.0,7.5,1.79,2,1,4423,17.21,59700,116.82,1345,1806
2017,8663.0,3,1,1,1,1,202,3,1,33860,1,1,204.0,2,5,5,5.0,8,1,5,108.0,3,4.0,3.0,7.5,1.79,2,1,4423,17.21,59700,116.82,1345,1806
2017,504713.0,7,2,1,3,1,161,3,1,33860,1,1,204.0,2,2,5,5.0,1,1,2,64.5,2,4.0,3.0,7.5,1.79,2,1,4423,17.21,59700,116.82,1345,1806
2017,504713.0,7,2,1,1,1,65,2,4,33860,1,1,204.0,2,5,5,5.0,8,1,5,24.0,0,4.0,3.0,7.5,1.79,2,1,4423,17.21,59700,116.82,1345,1806
2017,697633.0,9,1,1,1,1,125,3,1,33860,1,1,204.0,2,5,5,5.0,8,1,5,44.0,0,4.0,3.0,7.5,1.79,2,1,4423,17.21,59700,116.82,1345,1806
2017,2735146.0,9,2,1,1,1,107,3,6,33860,1,1,204.0,4,4,7,5.0,7,4,4,64.5,0,4.0,3.0,7.5,1.79,2,4,4423,17.21,59700,116.82,1345,1806
2017,504713.0,9,2,1,1,1,242,3,6,33860,1,1,204.0,4,4,7,5.0,7,4,4,223.0,2,4.0,3.0,7.5,1.79,2,4,4423,17.21,59700,116.82,1345,1806
2017,504713.0,7,2,1,3,1,79,3,1,33860,1,1,204.0,2,5,5,5.0,8,1,5,52.0,2,4.0,3.0,7.5,1.79,2,1,4423,17.21,59700,116.82,1345,1806
2017,342634.0,9,1,1,1,1,116,3,3,33860,1,1,204.0,2,5,5,5.0,8,1,5,31.0,0,5.0,3.0,7.5,1.79,2,1,4423,17.21,59700,116.82,1345,1806
2017,504713.0,7,2,1,1,1,80,3,6,33860,1,1,204.0,4,4,7,5.0,7,4,4,64.5,2,4.0,3.0,7.5,1.79,2,4,4423,17.21,59700,116.82,1345,1806
2017,504713.0,3,1,1,3,1,90,3,1,33860,1,1,204.0,2,5,5,5.0,8,2,5,52.0,3,4.0,3.0,7.5,1.79,2,1,4423,17.21,59700,116.82,1345,1806
2017,817824.0,9,1,1,2,1,3,3,3,33860,1,1,204.0,2,5,5,5.0,8,2,5,25.0,0,3.0,3.0,7.5,1.79,2,3,4423,17.21,59700,116.82,1345,1806
2017,342634.0,9,1,1,3,1,86,3,1,33860,1,1,204.0,2,5,5,5.0,8,1,5,77.0,1,4.0,3.0,7.5,1.79,2,1,4423,17.21,59700,116.82,1345,1806
2017,7197000003.0,7,1,1,3,1,89,3,3,33860,1,1,204.0,3,5,6,5.0,8,3,5,34.0,0,4.0,3.0,7.5,1.79,2,1,4423,17.21,59700,116.82,1345,1806
2017,471809999.0,7,2,1,1,1,91,2,1,33860,1,1,204.0,2,5,5,5.0,8,1,5,34.0,2,4.0,3.0,7.5,1.79,2,1,4423,17.21,59700,116.82,1345,1806
2017,817824.0,9,1,1,3,1,146,3,1,33860,1,1,204.0,2,5,5,5.0,8,2,5,56.0,0,4.0,3.0,7.5,1.79,2,1,4423,17.21,59700,116.82,1345,1806
2017,504713.0,7,2,1,1,1,78,2,1,33860,1,1,204.0,2,5,5,5.0,8,1,5,23.0,2,4.0,3.0,7.5,1.79,2,1,4423,17.21,59700,116.82,1345,1806
2017,471809999.0,7,1,1,1,1,132,2,1,33860,1,1,204.0,2,5,5,5.0,8,2,5,22.0,0,4.0,3.0,7.5,1.79,2,1,4423,17.21,59700,116.82,1345,1806
2017,342634.0,9,3,1,1,1,150,3,1,33860,1,1,204.0,2,5,5,5.0,8,1,5,67.0,2,4.0,3.0,7.5,1.79,2,1,4423,17.21,59700,116.82,1345,1806
2017,504713.0,7,1,1,1,1,101,3,6,33860,1,1,204.0,4,4,7,5.0,7,4,4,64.5,1,4.0,3.0,7.5,1.79,2,4,4423,17.21,59700,116.82,1345,1806
2017,705798.0,1,1,1,1,1,95,3,1,33860,1,1,204.0,2,2,5,5.0,5,1,2,62.0,1,4.0,3.0,7.5,1.79,2,1,4423,17.21,59700,116.82,1345,1806
2017,504713.0,7,2,1,1,1,78,3,6,33860,1,1,204.0,4,4,7,5.0,7,4,4,64.5,2,4.0,3.0,7.5,1.79,2,4,4423,17.21,59700,116.82,1345,1806
2017,504713.0,7,1,1,1,1,3,3,1,33860,1,1,204.0,2,5,5,5.0,8,1,5,36.0,9,4.0,3.0,7.5,1.79,2,2,4423,17.21,59700,116.82,1345,1806
2017,342634.0,9,2,1,1,1,114,3,1,33860,1,1,204.0,2,2,5,5.0,5,1,2,68.0,2,4.0,3.0,7.5,1.79,2,1,4423,17.21,59700,116.82,1345,1806
2017,504713.0,7,1,1,3,1,117,3,1,33860,1,1,204.0,2,2,5,5.0,5,2,2,71.0,3,4.0,3.0,7.5,1.79,2,1,4423,17.21,59700,116.82,1345,1806
2017,504713.0,7,3,1,3,1,155,3,1,33860,1,1,204.0,2,5,5,5.0,8,1,5,62.0,0,4.0,3.0,7.5,1.79,2,1,4423,17.21,59700,116.82,1345,1806
2017,233031.0,9,1,1,3,1,133,3,3,33860,1,1,204.0,2,2,5,5.0,5,2,1,170.0,0,4.0,3.0,7.5,1.79,2,1,4423,17.21,59700,116.82,1345,1806
2017,504713.0,7,2,1,1,1,106,3,6,33860,1,1,204.0,4,4,7,5.0,7,4,4,64.5,2,4.0,3.0,7.5,1.79,2,4,4423,17.21,59700,116.82,1345,1806
2017,4186591.0,9,3,1,1,1,115,3,6,33860,1,1,204.0,4,4,7,5.0,7,4,4,64.5,2,4.0,3.0,7.5,1.79,2,4,4423,17.21,59700,116.82,1345,1806
2017,342634.0,9,1,1,1,1,109,3,1,33860,1,1,204.0,2,5,5,5.0,8,2,5,33.0,0,4.0,3.0,7.5,1.79,2,1,4423,17.21,59700,116.82,1345,1806
2017,4186591.0,9,3,1,1,1,92,3,6,33860,1,1,204.0,4,4,7,5.0,7,4,4,64.5,2,4.0,3.0,7.5,1.79,2,4,4423,17.21,59700,116.82,1345,1806
2017,471809999.0,7,1,1,1,1,105,2,3,33860,1,1,204.0,2,2,5,5.0,5,1,2,100.0,0,5.0,3.0,7.5,1.79,2,1,4423,17.21,59700,116.82,1345,1806
2017,21440.0,3,2,1,1,1,190,3,1,33860,1,1,204.0,2,2,5,5.0,5,2,1,55.0,2,4.0,3.0,7.5,1.79,2,1,4423,17.21,59700,116.82,1345,1806
2017,471809999.0,7,2,1,1,1,74,2,1,33860,1,1,204.0,2,5,5,5.0,8,2,5,26.0,2,4.0,3.0,7.5,1.79,2,1,4423,17.21,59700,116.82,1345,1806
2017,817824.0,9,1,1,3,1,59,3,1,33860,1,1,204.0,2,5,5,5.0,8,2,5,40.0,0,4.0,3.0,7.5,1.79,2,1,4423,17.21,59700,116.82,1345,1806
2017,504713.0,7,1,1,3,1,108,3,1,33860,1,1,204.0,3,5,6,5.0,8,3,5,53.0,6,4.0,3.0,7.5,1.79,2,1,4423,17.21,59700,116.82,1345,1806
2017,504713.0,7,3,1,1,1,215,2,1,33860,1,1,204.0,2,2,5,5.0,5,1,2,61.0,2,4.0,3.0,7.5,1.79,2,1,4423,17.21,59700,116.82,1345,1806
2017,504713.0,7,3,1,3,1,195,3,4,33860,1,1,204.0,2,2,5,5.0,5,1,2,51.0,0,4.0,3.0,7.5,1.79,2,1,4423,17.21,59700,116.82,1345,1806
2017,504713.0,7,1,1,3,1,88,3,3,33860,1,1,204.0,2,5,5,5.0,8,1,5,52.0,0,4.0,3.0,7.5,1.79,2,1,4423,17.21,59700,116.82,1345,1806
2017,471809999.0,7,1,1,1,1,140,2,1,33860,1,1,204.0,2,5,5,5.0,8,1,5,40.0,1,4.0,3.0,7.5,1.79,2,1,4423,17.21,59700,116.82,1345,1806
2017,504713.0,7,2,1,1,1,72,2,1,33860,1,1,204.0,2,5,5,5.0,8,2,5,59.0,9,4.0,3.0,7.5,1.79,2,1,4423,17.21,59700,116.82,1345,1806
2017,451965.0,9,1,1,3,1,108,3,6,33860,1,1,204.0,3,5,6,5.0,8,3,5,53.0,3,4.0,3.0,7.5,1.79,2,4,4423,17.21,59700,116.82,1345,1806
2017,68575.0,5,1,1,1,1,213,3,1,33860,1,1,204.0,2,5,5,5.0,8,1,5,74.0,0,4.0,3.0,7.5,1.79,2,1,4423,17.21,59700,116.82,1345,1806
2017,451965.0,9,2,1,1,1,48,3,6,33860,1,1,204.0,4,4,7,5.0,7,4,4,64.5,0,4.0,3.0,7.5,1.79,2,4,4423,17.21,59700,116.82,1345,1806
2017,504713.0,7,1,1,3,1,163,3,1,33860,1,1,204.0,2,2,5,5.0,5,1,2,64.0,3,4.0,3.0,7.5,1.79,2,1,4423,17.21,59700,116.82,1345,1806
2017,342634.0,9,1,1,2,1,4,3,1,33860,1,1,204.0,2,2,5,5.0,5,2,1,107.0,0,4.0,3.0,7.5,1.79,2,3,4423,17.21,59700,116.82,1345,1806
2017,4186591.0,9,3,1,1,1,116,3,6,33860,1,1,204.0,4,4,7,5.0,7,4,4,64.5,2,4.0,3.0,7.5,1.79,2,4,4423,17.21,59700,116.82,1345,1806
2017,504713.0,7,1,1,3,1,168,3,4,33860,1,1,204.0,2,5,5,5.0,8,2,5,75.0,0,4.0,3.0,7.5,1.79,2,1,4423,17.21,59700,116.82,1345,1806
2017,68575.0,5,1,1,3,1,90,3,1,33860,1,1,204.0,2,5,5,5.0,8,1,5,29.0,0,4.0,3.0,7.5,1.79,2,1,4423,17.21,59700,116.82,1345,1806
2017,504713.0,7,3,1,1,1,92,2,1,33860,1,1,204.0,2,5,5,5.0,8,2,5,30.0,9,4.0,3.0,7.5,1.79,2,1,4423,17.21,59700,116.82,1345,1806
2017,504713.0,7,3,1,3,1,69,3,1,33860,1,1,204.0,2,2,5,5.0,5,2,1,64.5,2,4.0,3.0,7.5,1.79,2,1,4423,17.21,59700,116.82,1345,1806
2017,3656.0,1,1,1,1,1,94,3,3,33860,1,1,204.0,3,5,6,5.0,8,2,5,42.0,0,3.0,3.0,7.5,1.79,2,1,4423,17.21,59700,116.82,1345,1806
2017,2590037.0,9,1,1,1,1,89,2,1,33860,1,1,204.0,2,5,5,5.0,8,2,5,30.0,1,4.0,3.0,7.5,1.79,2,1,4423,17.21,59700,116.82,1345,1806
2017,342634.0,9,3,1,3,1,154,3,1,33860,1,1,204.0,2,2,5,5.0,5,1,2,95.0,2,4.0,3.0,7.5,1.79,2,1,4423,17.21,59700,116.82,1345,1806
2017,233031.0,9,1,1,1,1,98,3,3,33860,1,1,204.0,4,5,7,5.0,8,4,5,64.5,0,4.0,3.0,7.5,1.79,2,1,4423,17.21,59700,116.82,1345,1806
2017,342634.0,9,2,1,1,1,191,3,1,33860,1,1,204.0,2,2,5,5.0,5,2,1,61.0,0,4.0,3.0,7.5,1.79,2,1,4423,17.21,59700,116.82,1345,1806
2017,504713.0,7,2,1,3,1,79,3,2,33860,1,1,204.0,2,5,5,5.0,8,1,5,52.0,0,4.0,3.0,7.5,1.79,2,1,4423,17.21,59700,116.82,1345,1806
2017,7245000003.0,7,1,1,1,1,230,2,1,33860,1,1,204.0,3,2,6,5.0,5,1,2,73.0,9,4.0,3.0,7.5,1.79,2,1,4423,17.21,59700,116.82,1345,1806
2017,504713.0,7,2,1,1,1,106,3,1,33860,1,1,204.0,2,5,5,5.0,8,1,5,36.0,9,4.0,3.0,7.5,1.79,2,1,4423,17.21,59700,116.82,1345,1806
2017,451965.0,9,3,1,1,1,103,3,6,33860,1,1,204.0,2,2,5,5.0,5,1,2,84.0,2,4.0,3.0,7.5,1.79,2,4,4423,17.21,59700,116.82,1345,1806
2017,7197000003.0,7,1,1,3,1,97,3,1,33860,1,1,204.0,2,5,5,5.0,8,1,5,94.0,1,4.0,3.0,7.5,1.79,2,1,4423,17.21,59700,116.82,1345,1806
2017,619877.0,9,3,1,1,1,178,3,1,33860,1,1,204.0,2,5,5,5.0,8,1,5,67.0,2,4.0,3.0,7.5,1.79,2,1,4423,17.21,59700,116.82,1345,1806
2017,64598.0,5,1,1,3,1,85,3,1,33860,1,1,204.0,2,5,5,5.0,8,2,5,80.0,0,4.0,3.0,7.5,1.79,2,1,4423,17.21,59700,116.82,1345,1806
2017,68575.0,5,1,1,1,1,142,3,4,33860,1,1,204.0,2,2,5,5.0,5,1,2,85.0,0,4.0,3.0,7.5,1.79,2,1,4423,17.21,59700,116.82,1345,1806
2017,7197000003.0,7,1,1,3,1,61,3,3,33860,1,1,204.0,2,5,5,5.0,8,2,5,37.0,0,7.0,3.0,7.5,1.79,2,1,4423,17.21,59700,116.82,1345,1806
2017,233031.0,9,1,1,3,1,250,3,3,33860,1,1,204.0,2,5,3,5.0,8,1,5,46.0,0,4.0,3.0,7.5,1.79,2,1,4423,17.21,59700,116.82,1345,1806
2017,7245000003.0,7,1,1,3,1,86,3,1,33860,1,1,204.0,2,5,5,5.0,8,1,5,77.0,9,4.0,3.0,7.5,1.79,2,1,4423,17.21,59700,116.82,1345,1806
2017,7245000003.0,7,3,1,1,1,77,2,1,33860,1,1,204.0,2,2,5,5.0,5,1,2,38.0,9,4.0,3.0,7.5,1.79,2,1,4423,17.21,59700,116.82,1345,1806
2017,504713.0,7,3,1,1,1,170,2,1,33860,1,1,204.0,2,2,5,5.0,5,1,2,85.0,2,4.0,3.0,7.5,1.79,2,1,4423,17.21,59700,116.82,1345,1806
2017,619877.0,9,3,1,1,1,108,3,1,33860,1,1,204.0,2,5,5,5.0,8,2,5,37.0,2,4.0,3.0,7.5,1.79,2,1,4423,17.21,59700,116.82,1345,1806
2017,504713.0,7,1,1,1,1,82,3,6,33860,1,1,204.0,4,5,7,5.0,8,4,5,64.5,0,4.0,3.0,7.5,1.79,2,4,4423,17.21,59700,116.82,1345,1806
2017,7197000003.0,7,2,1,3,1,180,3,1,33860,1,1,204.0,2,5,5,5.0,8,1,5,135.0,2,4.0,3.0,7.5,1.79,2,1,4423,17.21,59700,116.82,1345,1806
2017,8663.0,3,2,1,1,1,175,3,1,33860,1,1,204.0,2,5,3,5.0,8,2,5,58.0,6,4.0,3.0,7.5,1.79,2,1,4423,17.21,59700,116.82,1345,1806
2017,504713.0,7,2,1,1,1,136,2,1,33860,1,1,204.0,2,5,5,5.0,8,2,5,45.0,2,4.0,3.0,7.5,1.79,2,1,4423,17.21,59700,116.82,1345,1806
2017,451965.0,9,1,1,3,2,98,3,3,33860,1,1,204.0,2,5,5,5.0,8,2,5,61.0,0,1.0,3.0,7.5,1.79,2,1,4423,17.21,59700,116.82,1345,1806
2017,504713.0,7,3,1,3,1,113,3,5,33860,1,1,204.0,2,5,5,5.0,8,1,5,60.0,0,4.0,3.0,7.5,1.79,2,1,4423,17.21,59700,116.82,1345,1806
2017,504713.0,7,2,1,1,1,128,2,1,33860,1,1,204.0,2,5,5,5.0,8,1,5,50.0,2,4.0,3.0,7.5,1.79,2,1,4423,17.21,59700,116.82,1345,1806
2017,7245000003.0,7,2,1,1,1,242,2,1,33860,1,1,204.0,2,2,5,5.0,5,1,2,223.0,9,4.0,3.0,7.5,1.79,2,1,4423,17.21,59700,116.82,1345,1806
2017,504713.0,7,1,1,1,1,181,2,1,33860,1,1,204.0,2,5,5,5.0,8,1,5,68.0,3,4.0,3.0,7.5,1.79,2,1,4423,17.21,59700,116.82,1345,1806
2017,68575.0,5,1,1,3,1,396,3,1,33860,1,1,204.0,2,2,5,5.0,5,1,2,135.0,0,4.0,3.0,7.5,1.79,2,1,4423,17.21,59700,116.82,1345,1806
2017,451965.0,9,1,1,1,2,57,3,1,33860,1,1,204.0,2,5,5,5.0,8,1,5,108.0,3,4.0,3.0,7.5,1.8,2,1,4423,17.21,59700,116.82,1345,1806
2017,471809999.0,7,1,1,3,1,132,3,4,33860,1,1,204.0,2,5,5,5.0,8,1,5,45.0,0,4.0,3.0,7.5,1.79,2,1,4423,17.21,59700,116.82,1345,1806
2017,7245000003.0,7,2,1,1,1,236,2,1,33860,1,1,204.0,2,2,5,5.0,5,2,1,136.0,9,4.0,3.0,7.5,1.79,2,1,4423,17.21,59700,116.82,1345,1806
2017,68575.0,5,1,1,1,1,140,3,1,33860,1,1,204.0,2,2,5,5.0,5,1,2,76.0,0,4.0,3.0,7.5,1.79,2,1,4423,17.21,59700,116.82,1345,1806
2017,146672.0,9,1,1,1,1,75,3,1,33860,1,1,204.0,2,2,5,5.0,5,1,1,154.0,1,4.0,3.0,7.5,1.79,2,1,4423,17.21,59700,116.82,1345,1806
2017,504713.0,7,3,1,3,1,171,3,4,33860,1,1,204.0,2,5,3,5.0,8,1,5,48.0,0,4.0,3.0,7.5,1.79,2,1,4423,17.21,59700,116.82,1345,1806
2017,504713.0,7,1,1,1,1,230,3,1,33860,1,1,204.0,3,2,6,5.0,5,1,2,73.0,3,4.0,3.0,7.5,1.79,2,1,4423,17.21,59700,116.82,1345,1806
2017,504713.0,7,3,1,3,1,190,3,1,33860,1,1,204.0,2,2,5,5.0,5,1,2,64.5,2,4.0,3.0,7.5,1.79,2,1,4423,17.21,59700,116.82,1345,1806
2017,504713.0,7,3,1,1,1,117,2,1,33860,1,1,204.0,2,5,5,5.0,8,1,5,38.0,2,4.0,3.0,7.5,1.79,2,1,4423,17.21,59700,116.82,1345,1806
2017,504713.0,7,1,1,1,1,76,2,1,33860,1,1,204.0,2,5,5,5.0,8,2,5,47.0,1,4.0,3.0,7.5,1.79,2,1,4423,17.21,59700,116.82,1345,1806
2017,504713.0,7,2,1,1,1,72,3,6,33860,1,1,204.0,4,4,7,5.0,7,4,4,64.5,2,4.0,3.0,7.5,1.79,2,4,4423,17.21,59700,116.82,1345,1806
2017,2838.0,3,1,1,1,2,45,3,1,33860,1,1,204.0,2,5,5,5.0,8,1,5,163.0,0,4.0,3.0,7.5,1.79,2,1,4423,17.21,59700,116.82,1345,1806
2017,342634.0,9,1,1,1,1,116,3,3,33860,1,1,204.0,2,2,5,5.0,5,1,2,68.0,0,9.0,3.0,7.5,1.79,2,1,4423,17.21,59700,116.82,1345,1806
2017,342634.0,9,1,1,1,1,128,3,1,33860,1,1,204.0,2,5,5,5.0,8,1,5,23.0,0,4.0,3.0,7.5,1.79,2,1,4423,17.21,59700,116.82,1345,1806
2017,68575.0,5,1,1,1,2,84,3,1,33860,1,1,204.0,2,5,5,5.0,8,2,5,58.0,0,4.0,3.0,7.5,1.79,2,1,4423,17.21,59700,116.82,1345,1806
2017,7197000003.0,7,2,1,3,1,27,3,3,33860,1,1,204.0,2,5,5,5.0,8,1,5,78.0,0,7.0,3.0,7.5,1.79,2,1,4423,17.21,59700,116.82,1345,1806
2017,342634.0,9,1,1,1,1,113,3,1,33860,1,1,204.0,2,2,5,5.0,5,1,2,35.0,1,4.0,3.0,7.5,1.79,2,1,4423,17.21,59700,116.82,1345,1806
2017,504713.0,7,1,1,1,1,225,2,1,33860,1,1,204.0,2,2,5,5.0,5,1,2,103.0,9,4.0,3.0,7.5,1.79,2,1,4423,17.21,59700,116.82,1345,1806
2017,8663.0,3,1,1,3,1,130,3,1,33860,1,1,204.0,2,2,5,5.0,5,1,2,123.0,1,4.0,3.0,7.5,1.79,2,1,4423,17.21,59700,116.82,1345,1806
2017,504713.0,7,2,1,1,1,149,3,6,33860,1,1,205.0,4,4,7,5.0,7,4,4,64.5,2,4.0,3.0,7.5,1.79,2,4,10763,31.54,59700,127.74,2255,3237
2017,504713.0,7,3,1,3,1,111,3,1,33860,1,1,205.0,3,2,6,5.0,5,3,1,64.5,2,4.0,3.0,7.5,1.79,2,1,10763,31.54,59700,127.74,2255,3237
2017,504713.0,7,1,2,1,1,81,3,3,33860,1,1,205.0,2,5,5,5.0,8,2,5,14.0,0,4.0,3.0,7.5,1.79,2,1,10763,31.54,59700,127.74,2255,3237
2017,4186591.0,9,2,1,1,1,115,3,6,33860,1,1,205.0,4,4,7,5.0,7,4,4,64.5,2,4.0,3.0,7.5,1.79,2,4,10763,31.54,59700,127.74,2255,3237
2017,504713.0,7,2,1,1,1,160,3,6,33860,1,1,205.0,4,4,7,5.0,7,4,4,64.5,7,4.0,3.0,7.5,1.79,2,4,10763,31.54,59700,127.74,2255,3237
2017,504713.0,7,3,1,1,1,308,3,1,33860,1,1,205.0,2,2,5,5.0,5,1,2,119.0,2,4.0,3.0,7.5,1.79,2,1,10763,31.54,59700,127.74,2255,3237
2017,62728.0,5,1,1,3,1,59,3,1,33860,1,1,205.0,2,2,5,5.0,5,2,1,75.0,0,4.0,3.0,7.5,1.79,2,1,10763,31.54,59700,127.74,2255,3237
2017,451965.0,9,1,1,2,1,164,3,1,33860,1,1,205.0,2,5,5,5.0,8,1,5,77.0,1,4.0,3.0,7.5,1.79,2,1,10763,31.54,59700,127.74,2255,3237
2017,471809999.0,7,2,1,1,1,86,2,1,33860,1,1,205.0,2,2,5,5.0,5,1,2,31.0,2,4.0,3.0,7.5,1.79,2,1,10763,31.54,59700,127.74,2255,3237
2017,852320.0,9,1,1,3,1,353,3,1,33860,1,1,205.0,2,2,5,5.0,5,1,2,102.0,3,4.0,3.0,7.5,1.79,2,1,10763,31.54,59700,127.74,2255,3237
2017,7197000003.0,7,3,1,3,1,115,3,3,33860,1,1,205.0,2,5,5,5.0,8,1,5,102.0,0,4.0,3.0,7.5,1.79,2,1,10763,31.54,59700,127.74,2255,3237
2017,504713.0,7,3,1,1,1,234,3,6,33860,1,1,205.0,4,4,7,5.0,7,4,4,64.5,2,4.0,3.0,7.5,1.79,2,4,10763,31.54,59700,127.74,2255,3237
2017,504713.0,7,1,3,3,3,20000,3,2,33860,1,1,205.0,4,5,7,5.0,8,4,5,64.5,0,4.0,3.0,7.5,1.79,2,1,10763,31.54,59700,127.74,2255,3237
2017,504713.0,7,1,1,1,1,188,2,1,33860,1,1,205.0,2,2,5,5.0,6,2,2,117.0,7,4.0,3.0,7.5,1.79,2,1,10763,31.54,59700,127.74,2255,3237
2017,233031.0,9,1,1,2,1,5,3,1,33860,1,1,205.0,2,2,3,5.0,3,1,2,79.0,0,4.0,3.0,7.5,1.79,2,3,10763,31.54,59700,127.74,2255,3237
2017,504713.0,7,1,1,3,1,159,3,3,33860,1,1,205.0,2,5,6,5.0,8,2,5,41.0,0,1.0,3.0,7.5,1.79,2,1,10763,31.54,59700,127.74,2255,3237
2017,504713.0,7,2,1,1,1,196,2,4,33860,1,1,205.0,2,5,3,5.0,8,1,5,61.0,0,4.0,3.0,7.5,1.79,2,1,10763,31.54,59700,127.74,2255,3237
2017,504713.0,7,1,1,1,1,279,2,1,33860,1,1,205.0,2,5,5,5.0,8,1,5,64.0,1,4.0,3.0,7.5,1.79,2,1,10763,31.54,59700,127.74,2255,3237
2017,619877.0,9,3,1,1,1,209,3,1,33860,1,1,205.0,2,5,5,5.0,8,2,5,81.0,2,4.0,3.0,7.5,1.79,2,1,10763,31.54,59700,127.74,2255,3237
2017,451965.0,9,1,1,3,2,121,3,4,33860,1,1,205.0,2,5,5,5.0,8,1,5,180.0,0,4.0,3.0,7.5,1.79,2,1,10763,31.54,59700,127.74,2255,3237
2017,504713.0,7,2,1,1,1,129,3,4,33860,1,1,205.0,2,5,3,5.0,8,2,5,50.0,0,4.0,3.0,7.5,1.79,2,1,10763,31.54,59700,127.74,2255,3237
2017,504713.0,7,1,1,1,1,131,3,6,33860,1,1,205.0,4,4,7,5.0,7,4,4,72.0,3,4.0,3.0,7.5,1.79,2,4,10763,31.54,59700,127.74,2255,3237
2017,504713.0,7,2,1,3,1,182,3,1,33860,1,1,205.0,2,5,5,5.0,8,2,5,37.0,0,4.0,3.0,7.5,1.79,2,1,10763,31.54,59700,127.74,2255,3237
2017,7197000003.0,7,1,1,3,1,96,3,3,33860,1,1,205.0,3,5,6,5.0,8,3,5,18.0,0,7.0,3.0,7.5,1.79,2,1,10763,31.54,59700,127.74,2255,3237
2017,21122.0,3,3,1,3,1,118,3,5,33860,1,1,205.0,2,5,5,5.0,8,1,5,64.5,0,4.0,3.0,7.5,1.79,2,1,10763,31.54,59700,127.74,2255,3237
2017,471809999.0,7,1,1,1,1,134,2,1,33860,1,1,205.0,2,5,5,5.0,8,2,5,51.0,1,4.0,3.0,7.5,1.79,2,1,10763,31.54,59700,127.74,2255,3237
2017,504713.0,7,1,1,3,1,131,3,2,33860,1,1,205.0,2,5,5,5.0,8,2,5,75.0,0,4.0,3.0,7.5,1.79,2,1,10763,31.54,59700,127.74,2255,3237
2017,697633.0,9,1,1,1,1,169,3,1,33860,1,1,205.0,2,5,5,5.0,8,2,5,42.0,0,4.0,3.0,7.5,1.79,2,1,10763,31.54,59700,127.74,2255,3237
2017,7516800003.0,7,3,1,3,1,168,3,3,33860,1,1,205.0,3,5,6,5.0,8,3,5,64.5,0,3.0,3.0,7.5,1.79,2,1,10763,31.54,59700,127.74,2255,3237
2017,7245000003.0,7,2,1,1,1,160,1,1,33860,1,1,205.0,2,2,5,5.0,5,2,1,79.0,7,4.0,3.0,7.5,1.79,2,1,10763,31.54,59700,127.74,2255,3237
2017,504713.0,7,1,1,1,1,272,3,1,33860,1,1,205.0,2,2,5,5.0,5,1,2,120.0,1,4.0,3.0,7.5,1.79,2,1,10763,31.54,59700,127.74,2255,3237
2017,606046.0,9,1,1,3,1,115,3,1,33860,1,1,205.0,2,5,5,5.0,8,1,5,64.5,1,4.0,3.0,7.5,1.79,2,1,10763,31.54,59700,127.74,2255,3237
2017,504713.0,7,3,1,1,1,169,3,6,33860,1,1,205.0,4,4,7,5.0,7,4,4,64.5,2,4.0,3.0,7.5,1.79,2,4,10763,31.54,59700,127.74,2255,3237
2017,12437.0,3,3,1,1,1,107,3,1,33860,1,1,205.0,2,5,5,5.0,8,1,5,43.0,2,4.0,3.0,7.5,1.79,2,1,10763,31.54,59700,127.74,2255,3237
2017,3027509990.0,7,3,1,3,2,126,3,1,33860,1,1,205.0,2,2,5,5.0,5,2,1,100.0,2,4.0,3.0,7.5,1.79,2,1,10763,31.54,59700,127.74,2255,3237
2017,451965.0,9,1,1,1,1,169,3,4,33860,1,1,205.0,2,5,5,5.0,8,1,5,90.0,0,4.0,3.0,7.5,1.79,2,1,10763,31.54,59700,127.74,2255,3237
2017,852218.0,9,1,1,1,1,129,3,6,33860,1,1,205.0,2,2,5,5.0,5,1,2,66.0,3,4.0,3.0,7.5,1.79,2,4,10763,31.54,59700,127.74,2255,3237
2017,7245000003.0,7,1,1,1,1,292,2,1,33860,1,1,205.0,2,2,3,5.0,3,1,2,56.0,9,4.0,3.0,7.5,1.79,2,1,10763,31.54,59700,127.74,2255,3237
2017,57124.0,3,1,1,2,1,3,3,1,33860,1,1,205.0,2,5,5,5.0,8,2,5,38.0,0,4.0,3.0,7.5,1.79,2,3,10763,31.54,59700,127.74,2255,3237
2017,7197000003.0,7,1,1,3,1,60,3,3,33860,1,1,205.0,2,5,6,5.0,8,2,5,45.0,0,7.0,3.0,7.5,1.79,2,1,10763,31.54,59700,127.74,2255,3237
2017,451965.0,9,1,1,3,1,115,3,1,33860,1,1,205.0,2,5,5,5.0,8,2,5,60.0,1,4.0,3.0,7.5,1.79,2,1,10763,31.54,59700,127.74,2255,3237
2017,504713.0,7,3,1,1,1,281,2,1,33860,1,1,205.0,2,5,3,5.0,8,2,5,84.0,2,4.0,3.0,7.5,1.79,2,1,10763,31.54,59700,127.74,2255,3237
2017,68374.0,5,1,1,1,1,143,3,1,33860,1,1,205.0,2,2,3,5.0,3,1,2,51.0,0,4.0,3.0,7.5,2.04,2,1,10763,31.54,59700,127.74,2255,3237
2017,504713.0,7,2,1,3,1,153,3,5,33860,1,1,205.0,2,2,5,5.0,5,1,2,64.0,0,4.0,3.0,7.5,1.79,2,1,10763,31.54,59700,127.74,2255,3237
2017,619877.0,9,3,1,1,1,198,3,1,33860,1,1,205.0,2,2,3,5.0,3,1,2,96.0,2,4.0,3.0,7.5,1.79,2,1,10763,31.54,59700,127.74,2255,3237
2017,504713.0,7,3,1,3,1,300,3,4,33860,1,1,205.0,2,5,5,5.0,8,1,5,82.0,0,4.0,3.0,7.5,1.79,2,1,10763,31.54,59700,127.74,2255,3237
2017,619877.0,9,3,1,1,1,210,3,1,33860,1,1,205.0,2,1,5,5.0,5,1,2,88.0,2,4.0,3.0,7.5,1.79,2,1,10763,31.54,59700,127.74,2255,3237
2017,342634.0,9,3,1,1,1,157,3,1,33860,1,1,205.0,2,5,5,5.0,8,1,5,64.0,2,4.0,3.0,7.5,1.79,2,1,10763,31.54,59700,127.74,2255,3237
2017,7245000003.0,7,2,1,1,1,206,2,1,33860,1,1,205.0,2,5,3,5.0,8,2,5,80.0,9,4.0,3.0,7.5,1.79,2,1,10763,31.54,59700,127.74,2255,3237
2017,342634.0,9,1,1,1,1,122,3,1,33860,1,1,205.0,2,5,5,5.0,8,2,5,61.0,1,4.0,3.0,7.5,1.79,2,1,10763,31.54,59700,127.74,2255,3237
2017,451965.0,9,1,1,2,1,10,3,3,33860,1,1,205.0,2,5,3,5.0,8,1,5,64.5,0,2.0,3.0,7.5,1.79,2,3,10763,31.54,59700,127.74,2255,3237
2017,476810.0,9,1,1,3,1,64,3,1,33860,1,1,205.0,3,5,6,5.0,8,2,5,23.0,8,4.0,3.0,7.5,1.79,2,1,10763,31.54,59700,127.74,2255,3237
2017,471809999.0,7,3,1,1,1,237,2,1,33860,1,1,205.0,2,5,5,5.0,8,1,5,145.0,2,4.0,3.0,7.5,1.79,2,1,10763,31.54,59700,127.74,2255,3237
2017,504713.0,7,1,1,3,1,73,3,4,33860,1,1,205.0,2,5,5,5.0,8,2,5,60.0,0,4.0,3.0,7.5,1.79,2,1,10763,31.54,59700,127.74,2255,3237
2017,68575.0,5,1,1,3,1,140,3,1,33860,1,1,205.0,2,2,5,5.0,5,1,2,47.0,0,4.0,3.0,7.5,1.79,2,1,10763,31.54,59700,127.74,2255,3237
2017,471809999.0,7,1,1,1,1,122,2,1,33860,1,1,205.0,2,5,5,5.0,8,1,5,42.0,1,4.0,3.0,7.5,1.79,2,1,10763,31.54,59700,127.74,2255,3237
2017,504713.0,7,3,1,3,1,157,3,4,33860,1,1,205.0,2,5,5,5.0,8,1,5,75.0,0,4.0,3.0,7.5,1.79,2,1,10763,31.54,59700,127.74,2255,3237
2017,7245000003.0,7,1,1,2,1,4,3,1,33860,1,1,205.0,2,5,5,5.0,8,1,5,32.0,7,4.0,3.0,7.5,1.79,2,1,10763,31.54,59700,127.74,2255,3237
2017,504713.0,7,3,1,3,1,202,3,1,33860,1,1,205.0,3,5,6,5.0,8,1,5,64.5,2,4.0,3.0,7.5,1.79,2,1,10763,31.54,59700,127.74,2255,3237
2017,504713.0,7,1,1,1,1,134,3,6,33860,1,1,205.0,4,4,7,5.0,7,4,4,64.5,1,4.0,3.0,7.5,1.79,2,4,10763,31.54,59700,127.74,2255,3237
2017,504713.0,7,2,1,1,1,130,2,2,33860,1,1,205.0,2,5,5,5.0,8,2,5,45.0,0,4.0,3.0,7.5,1.79,2,1,10763,31.54,59700,127.74,2255,3237
2017,16892.0,1,1,1,3,1,156,3,6,33860,1,1,205.0,2,5,5,5.0,8,1,5,30.0,0,4.0,3.0,7.5,1.79,2,4,10763,31.54,59700,127.74,2255,3237
2017,619877.0,9,3,1,3,2,162,3,4,33860,1,1,205.0,2,5,5,5.0,8,1,5,64.5,0,4.0,3.0,7.5,1.79,2,1,10763,31.54,59700,127.74,2255,3237
2017,817824.0,9,1,1,3,1,127,3,1,33860,1,1,205.0,2,2,5,5.0,5,1,2,51.0,0,4.0,3.0,7.5,1.79,2,1,10763,31.54,59700,127.74,2255,3237
2017,504713.0,7,1,1,3,1,149,3,2,33860,1,1,205.0,2,5,5,5.0,8,2,5,28.0,0,4.0,3.0,7.5,1.79,2,1,10763,31.54,59700,127.74,2255,3237
2017,504713.0,7,3,1,3,2,198,3,4,33860,1,1,205.0,2,2,5,5.0,5,1,2,120.0,0,4.0,3.0,7.5,1.79,2,1,10763,31.54,59700,127.74,2255,3237
2017,451965.0,9,1,1,1,1,121,3,1,33860,1,1,205.0,2,2,5,5.0,5,1,2,45.0,1,4.0,3.0,7.5,1.79,2,1,10763,31.54,59700,127.74,2255,3237
2017,504713.0,7,3,1,1,1,206,2,1,33860,1,1,205.0,2,5,5,5.0,8,1,5,103.0,0,4.0,3.0,7.5,1.79,2,1,10763,31.54,59700,127.74,2255,3237
2017,342634.0,9,2,1,1,1,162,3,1,33860,1,1,205.0,2,2,5,5.0,5,1,2,78.0,2,4.0,3.0,7.5,1.79,2,1,10763,31.54,59700,127.74,2255,3237
2017,7245000003.0,7,2,1,1,1,128,1,1,33860,1,1,205.0,2,5,5,5.0,8,1,5,25.0,7,4.0,3.0,7.5,1.79,2,1,10763,31.54,59700,127.74,2255,3237
2017,504713.0,7,1,1,1,1,78,2,1,33860,1,1,205.0,2,2,5,5.0,5,2,1,47.0,9,4.0,3.0,7.5,1.79,2,1,10763,31.54,59700,127.74,2255,3237
2017,619877.0,9,3,1,3,1,178,3,1,33860,1,1,205.0,2,2,5,5.0,5,1,2,64.5,2,4.0,3.0,7.5,1.79,2,1,10763,31.54,59700,127.74,2255,3237
2017,504713.0,7,3,1,1,1,348,2,1,33860,1,1,205.0,2,5,5,5.0,8,1,5,107.0,2,4.0,3.0,7.5,1.79,2,1,10763,31.54,59700,127.74,2255,3237
2017,504713.0,7,1,1,1,1,5,3,1,33860,1,1,205.0,2,5,3,5.0,8,2,5,67.0,0,4.0,3.0,7.5,1.79,2,2,10763,31.54,59700,127.74,2255,3237
2017,342634.0,9,1,1,3,1,123,3,1,33860,1,1,205.0,2,5,5,5.0,8,2,5,72.0,1,4.0,3.0,7.5,1.79,2,1,10763,31.54,59700,127.74,2255,3237
2017,7245000003.0,7,3,1,1,1,369,1,4,33860,1,1,205.0,2,2,5,5.0,5,1,2,124.0,0,4.0,3.0,7.5,1.79,2,1,10763,31.54,59700,127.74,2255,3237
2017,504713.0,7,1,1,1,1,259,3,1,33860,1,1,205.0,2,5,5,5.0,8,2,5,63.0,3,4.0,3.0,7.5,1.79,2,1,10763,31.54,59700,127.74,2255,3237
2017,471809999.0,7,1,1,1,1,225,2,1,33860,1,1,205.0,2,5,3,5.0,8,2,5,90.0,1,4.0,3.0,7.5,1.79,2,1,10763,31.54,59700,127.74,2255,3237
2017,504713.0,7,2,1,1,1,180,3,1,33860,1,1,205.0,2,5,5,5.0,8,2,5,48.0,7,4.0,3.0,7.5,1.79,2,1,10763,31.54,59700,127.74,2255,3237
2017,7197000003.0,7,1,1,3,1,155,3,1,33860,1,1,205.0,2,3,5,5.0,6,3,3,102.0,1,4.0,3.0,7.5,1.79,2,1,10763,31.54,59700,127.74,2255,3237
2017,504713.0,7,3,1,3,1,210,3,1,33860,1,1,205.0,2,2,5,5.0,5,1,1,90.0,2,4.0,3.0,7.5,1.79,2,1,10763,31.54,59700,127.74,2255,3237
2017,504713.0,7,2,1,1,1,97,2,3,33860,1,1,205.0,2,5,2,5.0,8,2,5,82.0,0,4.0,3.0,7.5,1.79,2,1,10763,31.54,59700,127.74,2255,3237
2017,504713.0,7,2,1,3,1,176,3,3,33860,1,1,205.0,2,5,5,5.0,8,1,5,65.0,0,4.0,3.0,7.5,1.79,2,1,10763,31.54,59700,127.74,2255,3237
2017,504713.0,7,1,1,1,1,147,3,6,33860,1,1,205.0,4,4,7,5.0,7,4,4,64.5,3,4.0,3.0,7.5,1.79,2,4,10763,31.54,59700,127.74,2255,3237
2017,697633.0,9,2,1,1,1,151,3,3,33860,1,1,205.0,3,5,6,5.0,8,3,5,52.0,0,9.0,3.0,7.5,1.79,2,1,10763,31.54,59700,127.74,2255,3237
2017,504713.0,7,1,1,1,2,140,2,1,33860,1,1,205.0,2,2,5,5.0,5,1,2,127.0,3,4.0,3.0,7.5,1.77,2,1,10763,31.54,59700,127.74,2255,3237
2017,504713.0,7,1,1,3,1,293,3,4,33860,1,1,205.0,2,5,5,5.0,8,2,5,110.0,0,4.0,3.0,7.5,1.79,2,1,10763,31.54,59700,127.74,2255,3237
2017,504713.0,7,2,1,3,1,116,3,3,33860,1,1,205.0,2,5,5,5.0,8,1,5,26.0,0,4.0,3.0,7.5,1.79,2,1,10763,31.54,59700,127.74,2255,3237
2017,7197000003.0,7,1,1,1,1,176,2,1,33860,1,1,205.0,2,2,5,5.0,5,1,2,128.0,1,4.0,3.0,7.5,1.79,2,1,10763,31.54,59700,127.74,2255,3237
2017,66357.0,5,1,1,1,2,102,2,1,33860,1,1,205.0,2,2,5,5.0,2,1,2,129.0,0,4.0,3.0,7.5,1.79,2,1,10763,31.54,59700,127.74,2255,3237
2017,4186591.0,9,3,1,1,1,138,3,6,33860,1,1,205.0,4,4,7,5.0,7,4,4,64.5,2,4.0,3.0,7.5,1.79,2,4,10763,31.54,59700,127.74,2255,3237
2017,504713.0,7,3,1,3,1,218,3,1,33860,1,1,205.0,2,5,5,5.0,8,2,5,64.5,2,4.0,3.0,7.5,1.79,2,1,10763,31.54,59700,127.74,2255,3237
2017,8663.0,3,1,1,1,1,125,3,1,33860,1,1,205.0,2,5,5,5.0,8,2,5,53.0,0,4.0,3.0,7.5,1.79,2,1,10763,31.54,59700,127.74,2255,3237
2017,12437.0,3,2,1,1,1,155,3,3,33860,1,1,205.0,2,5,3,5.0,8,1,5,52.0,0,4.0,3.0,7.5,1.79,2,1,10763,31.54,59700,127.74,2255,3237
2017,504713.0,7,2,1,1,1,171,2,1,33860,1,1,205.0,2,5,5,5.0,8,1,5,90.0,2,4.0,3.0,7.5,1.79,2,1,10763,31.54,59700,127.74,2255,3237
2017,504713.0,7,3,1,3,1,196,3,1,33860,1,1,205.0,2,2,3,5.0,3,1,2,64.5,2,4.0,3.0,7.5,1.79,2,1,10763,31.54,59700,127.74,2255,3237
2017,7245000003.0,7,2,1,1,1,123,2,1,33860,1,1,205.0,2,5,5,5.0,8,2,5,37.0,9,4.0,3.0,7.5,1.79,2,1,10763,31.54,59700,127.74,2255,3237
2017,233031.0,9,1,1,3,2,44,3,1,33860,1,1,205.0,2,2,5,5.0,5,1,2,136.0,0,4.0,3.0,7.5,1.79,2,1,10763,31.54,59700,127.74,2255,3237
2017,504713.0,7,2,1,1,1,138,2,1,33860,1,1,205.0,2,5,5,5.0,8,2,5,42.0,2,4.0,3.0,7.5,1.79,2,1,10763,31.54,59700,127.74,2255,3237
2017,7245000003.0,7,2,1,1,1,159,1,3,33860,1,1,205.0,2,2,5,5.0,5,1,2,38.0,0,9.0,3.0,7.5,1.79,2,1,10763,31.54,59700,127.74,2255,3237
2017,342634.0,9,1,1,3,1,104,3,1,33860,1,1,205.0,2,5,5,5.0,8,1,5,54.0,1,4.0,3.0,7.5,1.79,2,1,10763,31.54,59700,127.74,2255,3237
2017,68374.0,5,1,1,3,1,162,3,1,33860,1,1,205.0,2,5,5,5.0,8,2,5,49.0,0,4.0,3.0,7.5,1.79,2,1,10763,31.54,59700,127.74,2255,3237
2017,504713.0,7,1,1,1,1,270,2,1,33860,1,1,205.0,2,5,5,5.0,8,1,5,89.0,1,4.0,3.0,7.5,1.79,2,1,10763,31.54,59700,127.74,2255,3237
2017,504713.0,7,2,1,3,1,130,3,3,33860,1,1,205.0,2,5,5,5.0,8,1,5,25.0,0,4.0,3.0,7.5,1.79,2,1,10763,31.54,59700,127.74,2255,3237
2017,504713.0,7,2,1,1,1,116,2,1,33860,1,1,205.0,2,5,5,5.0,8,2,5,54.0,7,4.0,3.0,7.5,1.71,2,1,10763,31.54,59700,127.74,2255,3237
2017,471809999.0,7,1,1,1,1,99,2,1,33860,1,1,205.0,2,2,5,5.0,5,1,2,37.0,1,4.0,3.0,7.5,1.79,2,1,10763,31.54,59700,127.74,2255,3237
2017,7245000003.0,7,2,1,1,1,136,2,1,33860,1,1,205.0,2,5,5,5.0,8,1,5,61.0,9,4.0,3.0,7.5,1.79,2,1,10763,31.54,59700,127.74,2255,3237
2017,697633.0,9,1,1,3,2,153,3,3,33860,1,1,205.0,2,5,5,5.0,8,1,5,109.0,0,1.0,3.0,7.5,1.79,2,1,10763,31.54,59700,127.74,2255,3237
2017,233031.0,9,1,1,3,1,46,3,1,33860,1,1,205.0,2,2,5,5.0,5,1,2,117.0,0,4.0,3.0,7.5,1.79,2,1,10763,31.54,59700,127.74,2255,3237
2017,504713.0,7,2,1,1,1,136,3,6,33860,1,1,205.0,4,4,7,5.0,7,4,4,64.5,2,4.0,3.0,7.5,1.79,2,4,10763,31.54,59700,127.74,2255,3237
2017,233031.0,9,1,1,2,1,30,3,1,33860,1,1,205.0,2,2,5,5.0,5,1,2,75.0,0,4.0,3.0,7.5,1.79,2,2,10763,31.54,59700,127.74,2255,3237
2017,471809999.0,7,2,1,3,1,189,3,3,33860,1,1,205.0,2,5,5,5.0,8,1,5,69.0,0,1.0,3.0,7.5,1.79,2,1,10763,31.54,59700,127.74,2255,3237
2017,471809999.0,7,1,1,1,1,335,2,1,33860,1,1,205.0,2,5,5,5.0,8,1,5,88.0,1,4.0,3.0,7.5,1.79,2,1,10763,31.54,59700,127.74,2255,3237
2017,504713.0,9,3,1,1,1,152,3,6,33860,1,1,205.0,4,4,7,5.0,7,4,4,84.0,0,4.0,3.0,7.5,1.79,2,4,10763,31.54,59700,127.74,2255,3237
2017,7516800003.0,7,3,1,3,1,185,3,5,33860,1,1,205.0,2,5,5,5.0,8,2,5,64.5,0,4.0,3.0,7.5,1.79,2,1,10763,31.54,59700,127.74,2255,3237
2017,504713.0,7,1,2,1,1,75,3,3,33860,1,1,205.0,3,5,6,5.0,8,3,5,21.0,0,4.0,3.0,7.5,1.79,2,1,10763,31.54,59700,127.74,2255,3237
2017,504713.0,7,3,1,3,1,310,3,4,33860,1,1,205.0,3,5,5,5.0,8,1,5,64.0,0,4.0,3.0,7.5,1.79,2,1,10763,31.54,59700,127.74,2255,3237
2017,342634.0,9,3,1,1,1,299,3,4,33860,1,1,205.0,2,5,5,5.0,8,1,5,64.5,0,4.0,3.0,7.5,1.79,2,1,10763,31.54,59700,127.74,2255,3237
2017,7245000003.0,7,2,1,1,1,211,2,1,33860,1,1,205.0,3,3,6,5.0,6,3,3,116.0,9,4.0,3.0,7.5,1.79,2,1,10763,31.54,59700,127.74,2255,3237
2017,342634.0,9,1,1,1,1,130,3,3,33860,1,1,205.0,2,5,5,5.0,8,1,5,25.0,0,3.0,3.0,7.5,1.79,2,1,10763,31.54,59700,127.74,2255,3237
2017,504713.0,7,1,1,3,1,250,3,5,33860,1,1,205.0,2,2,5,5.0,5,1,2,106.0,0,4.0,3.0,7.5,1.79,2,1,10763,31.54,59700,127.74,2255,3237
2017,504713.0,7,1,1,3,1,151,3,1,33860,1,1,205.0,2,2,5,5.0,5,1,2,113.0,1,4.0,3.0,7.5,1.79,2,1,10763,31.54,59700,127.74,2255,3237
2017,7197000003.0,7,3,1,1,1,180,2,1,33860,1,1,205.0,2,5,5,5.0,8,1,5,41.0,2,4.0,3.0,7.5,1.79,2,1,10763,31.54,59700,127.74,2255,3237
2017,471809999.0,7,3,1,1,1,177,2,1,33860,1,1,205.0,2,5,5,5.0,8,1,5,56.0,2,4.0,3.0,7.5,1.79,2,1,10763,31.54,59700,127.74,2255,3237
2017,504713.0,7,2,1,3,1,126,3,4,33860,1,1,205.0,2,5,5,5.0,8,1,5,31.0,0,4.0,3.0,7.5,1.79,2,1,10763,31.54,59700,127.74,2255,3237
2017,617677.0,9,1,1,2,1,8,3,1,33860,1,1,205.0,2,5,5,5.0,8,1,5,67.0,0,4.0,3.0,7.5,1.79,2,3,10763,31.54,59700,127.74,2255,3237
2017,12437.0,3,3,1,3,1,201,3,1,33860,1,1,205.0,2,2,5,5.0,5,1,2,74.0,2,4.0,3.0,7.5,1.79,2,1,10763,31.54,59700,127.74,2255,3237
2017,146672.0,9,2,1,1,1,95,3,3,33860,1,1,205.0,2,5,2,5.0,8,2,5,31.0,0,1.0,3.0,9.0,1.79,2,1,10763,31.54,59700,127.74,2255,3237
2017,471809999.0,7,3,1,1,1,133,2,1,33860,1,1,205.0,2,2,5,5.0,5,1,2,46.0,2,4.0,3.0,7.5,1.79,2,1,10763,31.54,59700,127.74,2255,3237
2017,471809999.0,7,2,1,3,1,95,3,1,33860,1,1,205.0,2,2,5,5.0,5,2,1,84.0,2,4.0,3.0,7.5,1.79,2,1,10763,31.54,59700,127.74,2255,3237
2017,342634.0,9,1,1,1,2,125,3,1,33860,1,1,205.0,2,5,2,5.0,8,1,5,82.0,1,4.0,3.0,7.5,1.79,2,1,10763,31.54,59700,127.74,2255,3237
2017,233031.0,9,1,1,3,1,117,3,1,33860,1,1,205.0,2,5,5,5.0,8,2,5,36.0,0,4.0,3.0,7.5,1.79,2,1,10763,31.54,59700,127.74,2255,3237
2017,68575.0,5,1,1,1,2,128,3,1,33860,1,1,205.0,2,2,5,5.0,5,1,2,46.0,0,4.0,3.0,7.5,1.79,2,1,10763,31.54,59700,127.74,2255,3237
2017,451965.0,9,3,1,1,1,184,3,6,33860,1,1,205.0,2,5,5,5.0,8,1,5,85.0,2,4.0,3.0,7.5,1.79,2,4,10763,31.54,59700,127.74,2255,3237
2017,617677.0,9,1,1,2,1,8,3,3,33860,1,1,205.0,2,5,3,5.0,8,1,5,141.0,0,9.0,3.0,7.5,1.79,2,3,10763,31.54,59700,127.74,2255,3237
2017,504713.0,7,1,1,3,1,118,3,3,33860,1,1,205.0,2,5,5,5.0,8,1,5,23.0,0,4.0,3.0,7.5,1.79,2,1,10763,31.54,59700,127.74,2255,3237
2017,451965.0,9,1,1,3,2,150,3,1,33860,1,1,205.0,2,5,2,5.0,8,1,5,126.0,3,4.0,3.0,7.5,1.79,2,1,10763,31.54,59700,127.74,2255,3237
2017,504713.0,7,3,1,3,1,189,3,4,33860,1,1,205.0,2,5,5,5.0,8,1,5,64.5,0,4.0,3.0,7.5,1.79,2,1,10763,31.54,59700,127.74,2255,3237
2017,504713.0,7,3,1,3,1,159,3,1,33860,1,1,205.0,2,2,5,5.0,5,1,2,64.5,2,4.0,3.0,7.5,1.79,2,1,10763,31.54,59700,127.74,2255,3237
2017,451965.0,9,1,1,2,1,105,3,1,33860,1,1,205.0,2,2,5,5.0,5,2,1,59.0,1,4.0,3.0,7.5,1.63,2,1,10763,31.54,59700,127.74,2255,3237
2017,4186591.0,9,2,1,1,1,164,3,6,33860,1,1,205.0,4,4,7,5.0,7,4,4,64.5,2,4.0,3.0,7.5,1.79,2,4,10763,31.54,59700,127.74,2255,3237
2017,504713.0,7,2,1,1,1,146,3,1,33860,1,1,205.0,2,5,3,5.0,8,2,5,30.0,2,4.0,3.0,7.5,1.79,2,1,10763,31.54,59700,127.74,2255,3237
2017,68575.0,5,1,1,1,1,133,3,1,33860,1,1,205.0,2,5,5,5.0,8,2,5,28.0,0,4.0,3.0,7.5,1.79,2,1,10763,31.54,59700,127.74,2255,3237
2017,471809999.0,7,1,1,1,1,194,2,1,33860,1,1,205.0,2,2,5,5.0,5,1,2,118.0,3,4.0,3.0,7.5,1.79,2,1,10763,31.54,59700,127.74,2255,3237
2017,7245000003.0,7,1,1,1,1,122,2,1,33860,1,1,205.0,2,5,5,5.0,8,2,5,61.0,9,4.0,3.0,7.5,1.79,2,1,10763,31.54,59700,127.74,2255,3237
2017,12437.0,3,1,1,1,1,163,3,1,33860,1,1,205.0,2,5,5,5.0,8,1,5,51.0,0,4.0,3.0,7.5,1.79,2,1,10763,31.54,59700,127.74,2255,3237
2017,7245000003.0,7,3,1,1,1,126,2,1,33860,1,1,205.0,2,5,5,5.0,8,1,5,55.0,9,4.0,3.0,7.5,1.79,2,1,10763,31.54,59700,127.74,2255,3237
2017,342634.0,9,1,1,1,1,157,3,1,33860,1,1,205.0,2,2,5,5.0,2,1,2,53.0,1,4.0,3.0,7.5,1.79,2,1,10763,31.54,59700,127.74,2255,3237
2017,504713.0,7,2,1,1,1,115,3,6,33860,1,1,205.0,4,4,7,5.0,7,4,4,36.0,0,4.0,3.0,7.5,1.79,2,4,10763,31.54,59700,127.74,2255,3237
2017,451965.0,9,2,1,1,1,157,3,6,33860,1,1,205.0,4,4,7,5.0,7,4,4,64.5,0,4.0,3.0,7.5,1.79,2,4,10763,31.54,59700,127.74,2255,3237
2017,4186591.0,9,3,1,3,1,153,3,1,33860,1,1,205.0,1,5,6,5.0,8,1,5,64.5,2,4.0,3.0,7.5,1.79,2,1,10763,31.54,59700,127.74,2255,3237
2017,504713.0,7,1,1,3,1,144,3,4,33860,1,1,205.0,2,2,5,5.0,5,1,2,71.0,0,4.0,3.0,7.5,1.79,2,1,10763,31.54,59700,127.74,2255,3237
2017,7245000003.0,7,1,1,1,1,424,2,1,33860,1,1,205.0,2,5,5,5.0,8,2,5,165.0,9,4.0,3.0,7.5,1.79,2,1,10763,31.54,59700,127.74,2255,3237
2017,504713.0,7,1,2,1,1,53,3,3,33860,1,1,205.0,3,3,5,5.0,3,2,1,68.0,0,4.0,3.0,7.5,1.79,2,1,10763,31.54,59700,127.74,2255,3237
2017,233031.0,9,1,1,3,1,305,3,1,33860,1,1,205.0,2,5,5,5.0,8,2,5,88.0,3,4.0,3.0,7.5,1.79,2,1,10763,31.54,59700,127.74,2255,3237
2017,68374.0,5,1,1,3,1,151,3,1,33860,1,1,205.0,2,5,5,5.0,8,1,5,99.0,0,4.0,3.0,7.5,1.92,2,1,10763,31.54,59700,127.74,2255,3237
2017,504713.0,7,2,1,3,1,113,3,5,33860,1,1,205.0,2,5,5,5.0,8,1,5,60.0,0,4.0,3.0,7.5,1.79,2,1,10763,31.54,59700,127.74,2255,3237
2017,504713.0,7,1,1,1,1,290,3,1,33860,1,1,205.0,2,5,2,5.0,8,1,5,106.0,1,4.0,3.0,7.5,1.79,2,1,10763,31.54,59700,127.74,2255,3237
2017,3027509990.0,7,3,1,3,1,203,3,4,33860,1,1,205.0,2,5,5,5.0,8,2,5,55.0,0,4.0,3.0,7.5,1.79,2,1,10763,31.54,59700,127.74,2255,3237
2017,7245000003.0,7,1,1,1,1,189,1,4,33860,1,1,205.0,2,2,5,5.0,5,1,2,96.0,0,4.0,3.0,7.5,1.79,2,1,10763,31.54,59700,127.74,2255,3237
2017,504713.0,7,1,2,1,1,32,3,5,33860,1,1,205.0,2,5,5,5.0,8,1,5,21.0,0,4.0,3.0,7.5,1.79,2,1,10763,31.54,59700,127.74,2255,3237
2017,504713.0,7,3,1,3,2,142,3,1,33860,1,1,205.0,2,5,5,5.0,8,1,5,64.5,2,4.0,3.0,7.5,1.79,2,1,10763,31.54,59700,127.74,2255,3237
2017,504713.0,7,2,1,3,1,147,3,1,33860,1,1,205.0,2,5,3,5.0,8,1,5,64.5,2,4.0,3.0,7.5,1.79,2,1,10763,31.54,59700,127.74,2255,3237
2017,504713.0,7,1,1,3,2,135,3,3,33860,1,1,205.0,3,5,6,5.0,8,1,5,77.0,0,4.0,3.0,7.5,1.79,2,1,10763,31.54,59700,127.74,2255,3237
2017,504713.0,7,3,1,3,1,183,3,6,33860,1,1,205.0,2,5,5,5.0,8,1,5,73.0,2,4.0,3.0,7.5,1.79,2,4,10763,31.54,59700,127.74,2255,3237
2017,2317700005.0,7,1,1,1,1,270,3,4,33860,1,1,205.0,2,2,5,5.0,5,1,2,113.0,0,4.0,3.0,7.5,1.79,2,1,10763,31.54,59700,127.74,2255,3237
2017,504713.0,7,3,1,3,1,101,3,3,33860,1,1,205.0,2,2,5,5.0,5,1,2,36.0,0,4.0,3.0,7.5,1.79,2,1,10763,31.54,59700,127.74,2255,3237
2017,12437.0,3,1,1,3,1,60,3,1,33860,1,1,205.0,2,5,5,5.0,8,2,5,24.0,1,4.0,3.0,7.5,1.79,2,1,10763,31.54,59700,127.74,2255,3237
2017,504713.0,7,2,1,3,1,125,3,6,33860,1,1,205.0,4,4,7,5.0,7,4,4,64.5,2,4.0,3.0,7.5,1.79,2,4,10763,31.54,59700,127.74,2255,3237
2017,504713.0,7,2,1,1,1,216,2,1,33860,1,1,205.0,2,2,5,5.0,5,1,2,122.0,7,4.0,3.0,7.5,1.79,2,1,10763,31.54,59700,127.74,2255,3237
2017,471809999.0,7,3,1,1,1,344,2,1,33860,1,1,205.0,2,2,6,5.0,6,1,2,163.0,2,4.0,3.0,7.5,1.79,2,1,10763,31.54,59700,127.74,2255,3237
2017,233031.0,9,1,1,2,1,3,3,1,33860,1,1,205.0,2,5,3,5.0,8,1,5,44.0,0,4.0,3.0,7.5,1.79,2,3,10763,31.54,59700,127.74,2255,3237
2017,7245000003.0,7,1,1,1,1,272,2,1,33860,1,1,205.0,2,2,5,5.0,5,1,2,120.0,9,4.0,3.0,7.5,1.79,2,1,10763,31.54,59700,127.74,2255,3237
2017,504713.0,7,3,1,3,1,172,3,4,33860,1,1,205.0,2,2,5,5.0,5,1,2,40.0,0,4.0,3.0,7.5,1.79,2,1,10763,31.54,59700,127.74,2255,3237
2017,697633.0,9,1,1,3,2,161,3,3,33860,1,1,205.0,2,5,5,5.0,8,1,5,104.0,0,1.0,3.0,7.5,1.79,2,1,10763,31.54,59700,127.74,2255,3237
2017,504713.0,9,1,1,3,1,150,3,4,33860,1,1,205.0,2,5,5,5.0,8,2,5,90.0,0,4.0,3.0,7.5,1.79,2,1,10763,31.54,59700,127.74,2255,3237
2017,504713.0,7,2,1,1,1,162,3,6,33860,1,1,205.0,4,4,7,5.0,7,4,4,64.5,2,4.0,3.0,7.5,1.79,2,4,10763,31.54,59700,127.74,2255,3237
2017,7245000003.0,7,1,1,1,1,295,2,1,33860,1,1,205.0,2,5,3,5.0,8,2,5,151.0,9,4.0,3.0,7.5,1.79,2,1,10763,31.54,59700,127.74,2255,3237
2017,619877.0,9,3,1,3,1,200,3,3,33860,1,1,205.0,2,2,5,5.0,5,1,2,119.0,0,4.0,3.0,7.5,1.79,2,1,10763,31.54,59700,127.74,2255,3237
2017,504713.0,7,1,1,3,2,115,3,4,33860,1,1,205.0,2,2,5,5.0,5,1,2,246.0,0,4.0,3.0,7.5,1.79,2,1,10763,31.54,59700,127.74,2255,3237
2017,7245000003.0,7,1,1,1,2,103,1,4,33860,1,1,205.0,2,2,5,5.0,5,1,2,96.0,0,4.0,3.0,7.5,1.79,2,1,10763,31.54,59700,127.74,2255,3237
2017,471809999.0,7,3,1,1,1,250,2,1,33860,1,1,205.0,2,2,3,5.0,3,1,2,114.0,2,4.0,3.0,7.5,1.79,2,1,10763,31.54,59700,127.74,2255,3237
2017,342634.0,9,1,1,2,1,6,3,3,33860,1,1,205.0,2,5,3,5.0,8,2,5,30.0,0,3.0,3.0,7.5,1.79,2,3,10763,31.54,59700,127.74,2255,3237
2017,504713.0,7,1,1,1,1,134,2,1,33860,1,1,205.0,2,2,5,5.0,5,1,2,107.0,9,4.0,3.0,7.5,1.79,2,1,10763,31.54,59700,127.74,2255,3237
2017,451965.0,9,1,1,3,1,180,3,1,33860,1,1,205.0,2,5,5,5.0,8,1,5,75.0,1,4.0,3.0,7.5,1.79,2,1,10763,31.54,59700,127.74,2255,3237
2017,7197000003.0,7,1,1,1,1,159,2,1,33860,1,1,205.0,2,5,3,5.0,8,1,5,68.0,3,4.0,3.0,7.5,1.79,2,1,10763,31.54,59700,127.74,2255,3237
2017,504713.0,3,1,1,3,1,180,3,1,33860,1,1,205.0,2,5,5,5.0,8,1,5,63.0,9,4.0,3.0,7.5,1.79,2,1,10763,31.54,59700,127.74,2255,3237
2017,2838.0,3,1,1,1,1,143,3,1,33860,1,1,205.0,2,2,5,5.0,5,1,2,71.0,0,4.0,3.0,7.5,1.79,2,1,10763,31.54,59700,127.74,2255,3237
2017,7245000003.0,7,1,1,1,1,149,2,1,33860,1,1,205.0,2,5,5,5.0,8,2,5,168.0,9,4.0,3.0,7.5,1.79,2,1,10763,31.54,59700,127.74,2255,3237
2017,451965.0,9,2,1,1,1,160,3,6,33860,1,1,205.0,2,2,5,5.0,5,2,1,79.0,2,4.0,3.0,7.5,1.79,2,4,10763,31.54,59700,127.74,2255,3237
2017,504713.0,7,3,1,3,1,240,3,1,33860,1,1,205.0,2,2,5,5.0,5,1,2,88.0,2,4.0,3.0,7.5,1.79,2,1,10763,31.54,59700,127.74,2255,3237
2017,504713.0,7,1,1,1,1,147,2,1,33860,1,1,205.0,2,2,2,5.0,2,1,2,39.0,9,4.0,3.0,7.5,1.79,2,1,10763,31.54,59700,127.74,2255,3237
2017,12437.0,3,2,1,1,1,128,3,4,33860,1,1,205.0,2,5,5,5.0,8,3,5,39.0,0,4.0,3.0,7.5,1.79,2,1,10763,31.54,59700,127.74,2255,3237
2017,617677.0,9,1,1,1,2,151,1,1,33860,1,1,205.0,2,2,5,5.0,5,1,2,226.0,0,4.0,3.0,7.5,1.79,2,1,10763,31.54,59700,127.74,2255,3237
2017,1252000009.0,7,1,1,1,2,82,3,1,33860,1,1,205.0,2,2,5,5.0,5,1,2,40.0,1,4.0,3.0,7.5,1.79,2,1,10763,31.54,59700,127.74,2255,3237
2017,852218.0,9,1,1,1,1,78,3,6,33860,1,1,205.0,2,2,5,5.0,5,2,1,47.0,3,4.0,3.0,7.5,1.79,2,4,10763,31.54,59700,127.74,2255,3237
2017,504713.0,7,2,1,1,1,232,2,1,33860,1,1,205.0,2,5,5,5.0,8,2,5,54.0,2,4.0,3.0,7.5,1.79,2,1,10763,31.54,59700,127.74,2255,3237
2017,342634.0,9,1,1,3,1,152,3,4,33860,1,1,205.0,3,5,6,5.0,8,1,5,64.5,0,4.0,3.0,7.5,1.79,2,1,10763,31.54,59700,127.74,2255,3237
2017,2735146.0,9,1,1,3,1,126,3,1,33860,1,1,205.0,2,5,5,5.0,8,2,5,68.0,0,4.0,3.0,7.5,1.79,2,1,10763,31.54,59700,127.74,2255,3237
2017,504713.0,7,2,1,1,1,108,2,1,33860,1,1,205.0,2,5,5,5.0,8,2,5,29.0,9,4.0,3.0,7.5,1.79,2,1,10763,31.54,59700,127.74,2255,3237
2017,504713.0,7,2,1,3,1,165,3,3,33860,1,1,205.0,2,5,5,5.0,8,2,5,83.0,0,4.0,3.0,7.5,1.79,2,1,10763,31.54,59700,127.74,2255,3237
2017,617677.0,9,3,1,3,1,183,3,1,33860,1,1,205.0,2,2,3,5.0,3,1,2,124.0,0,4.0,3.0,7.5,1.79,2,1,10763,31.54,59700,127.74,2255,3237
2017,542409990.0,7,2,1,3,1,147,3,1,33860,1,1,205.0,2,5,5,5.0,8,2,5,50.0,2,4.0,3.0,7.5,1.79,2,1,10763,31.54,59700,127.74,2255,3237
2017,504713.0,7,1,1,1,1,161,3,1,33860,1,1,205.0,2,5,3,5.0,8,2,5,67.0,0,4.0,3.0,7.5,1.79,2,1,10763,31.54,59700,127.74,2255,3237
2017,504713.0,7,3,1,1,1,201,2,1,33860,1,1,205.0,2,2,3,5.0,3,2,1,96.0,2,4.0,3.0,7.5,1.79,2,1,10763,31.54,59700,127.74,2255,3237
2017,342634.0,9,2,1,1,1,123,3,6,33860,1,1,205.0,4,4,7,5.0,7,4,4,64.5,2,4.0,3.0,7.5,1.79,2,4,10763,31.54,59700,127.74,2255,3237
2017,504713.0,7,2,1,1,1,162,2,1,33860,1,1,205.0,1,5,6,5.0,8,1,5,116.0,7,4.0,3.0,7.5,1.79,2,1,10763,31.54,59700,127.74,2255,3237
2017,504713.0,7,2,1,1,1,159,3,6,33860,1,1,205.0,4,4,7,5.0,7,4,4,64.5,2,4.0,3.0,7.5,1.79,2,4,10763,31.54,59700,127.74,2255,3237
2017,504713.0,7,3,1,1,1,194,3,4,33860,1,1,205.0,1,1,5,5.0,5,1,2,166.0,0,4.0,3.0,7.5,1.79,2,1,10763,31.54,59700,127.74,2255,3237
2017,504713.0,7,3,1,1,1,240,2,1,33860,1,1,205.0,2,5,5,5.0,8,2,5,46.0,2,4.0,3.0,7.5,1.79,2,1,10763,31.54,59700,127.74,2255,3237
2017,7245000003.0,7,3,1,1,1,169,2,1,33860,1,1,205.0,2,2,5,5.0,5,1,2,95.0,9,4.0,3.0,7.5,1.79,2,1,10763,31.54,59700,127.74,2255,3237
2017,342634.0,9,2,1,1,1,244,3,1,33860,1,1,205.0,2,5,5,5.0,8,1,5,97.0,2,4.0,3.0,7.5,1.79,2,1,10763,31.54,59700,127.74,2255,3237
2017,471809999.0,7,1,1,1,1,234,2,1,33860,1,1,205.0,2,5,5,5.0,8,1,5,142.0,1,4.0,3.0,7.5,1.79,2,1,10763,31.54,59700,127.74,2255,3237
2017,504713.0,7,2,1,1,1,113,2,1,33860,1,1,205.0,2,5,5,5.0,8,2,5,32.0,0,4.0,3.0,7.5,1.79,2,1,10763,31.54,59700,127.74,2255,3237
2017,504713.0,7,3,1,1,1,354,2,1,33860,1,1,205.0,2,2,3,5.0,3,1,2,118.0,2,4.0,3.0,7.5,1.79,2,1,10763,31.54,59700,127.74,2255,3237
2017,504713.0,7,1,1,3,1,154,3,1,33860,1,1,205.0,2,5,5,5.0,8,1,5,101.0,1,4.0,3.0,7.5,1.79,2,1,10763,31.54,59700,127.74,2255,3237
2017,504713.0,7,1,1,1,1,308,2,1,33860,1,1,205.0,1,5,4,5.0,8,1,5,147.0,1,4.0,3.0,7.5,1.79,2,1,10763,31.54,59700,127.74,2255,3237
2017,504713.0,7,2,1,1,1,140,3,6,33860,1,1,205.0,4,4,7,5.0,7,4,4,44.0,0,4.0,3.0,7.5,1.79,2,4,10763,31.54,59700,127.74,2255,3237
2017,504713.0,7,1,1,3,1,117,3,4,33860,1,1,205.0,2,5,5,5.0,8,2,5,64.5,0,4.0,3.0,7.5,1.79,2,1,10763,31.54,59700,127.74,2255,3237
2017,7197000003.0,7,3,1,3,1,302,3,3,33860,1,1,205.0,3,3,6,5.0,6,3,3,154.0,0,7.0,3.0,7.5,1.79,2,1,10763,31.54,59700,127.74,2255,3237
2017,504713.0,7,1,1,1,1,160,3,1,33860,1,1,205.0,2,2,2,5.0,2,2,1,275.0,3,4.0,3.0,7.5,1.79,2,1,10763,31.54,59700,127.74,2255,3237
2017,342634.0,9,2,1,1,1,191,3,1,33860,1,1,205.0,2,5,5,5.0,8,1,5,33.0,2,4.0,3.0,7.5,1.79,2,1,10763,31.54,59700,127.74,2255,3237
2017,7245000003.0,7,1,1,1,2,86,1,4,33860,1,1,205.0,2,5,5,5.0,8,1,5,59.0,0,4.0,3.0,7.5,1.79,2,1,10763,31.54,59700,127.74,2255,3237
2017,504713.0,7,2,1,3,1,51,3,5,33860,1,1,205.0,2,5,5,5.0,8,1,5,10.0,0,4.0,3.0,7.5,1.79,2,1,10763,31.54,59700,127.74,2255,3237
2017,504713.0,7,3,1,1,1,270,2,1,33860,1,1,205.0,2,2,5,5.0,5,1,2,129.0,2,4.0,3.0,7.5,1.79,2,1,10763,31.54,59700,127.74,2255,3237
2017,504713.0,7,1,1,1,2,178,2,1,33860,1,1,205.0,2,2,5,5.0,5,1,2,108.0,9,4.0,3.0,7.5,1.79,2,1,10763,31.54,59700,127.74,2255,3237
2017,504713.0,7,3,1,1,1,138,2,1,33860,1,1,205.0,2,5,5,5.0,8,1,5,49.0,9,4.0,3.0,7.5,1.79,2,1,10763,31.54,59700,127.74,2255,3237
2017,233031.0,9,1,1,3,1,192,3,1,33860,1,1,205.0,2,5,3,5.0,8,2,5,67.0,0,4.0,3.0,7.5,1.79,2,1,10763,31.54,59700,127.74,2255,3237
2017,504713.0,7,1,1,1,2,110,2,1,33860,1,1,205.0,2,2,5,5.0,2,1,2,130.0,1,4.0,3.0,7.5,1.79,2,1,10763,31.54,59700,127.74,2255,3237
2017,852218.0,9,1,1,3,1,156,3,1,33860,1,1,205.0,2,5,5,5.0,8,1,5,30.0,6,4.0,3.0,7.5,1.79,2,1,10763,31.54,59700,127.74,2255,3237
2017,617677.0,9,1,1,1,1,146,2,1,33860,1,1,205.0,2,5,5,5.0,8,1,5,69.0,0,4.0,3.0,7.5,1.79,2,1,10763,31.54,59700,127.74,2255,3237
2017,504713.0,7,1,1,3,1,205,3,2,33860,1,1,205.0,2,5,6,5.0,8,1,5,200.0,0,4.0,3.0,7.5,1.79,2,1,10763,31.54,59700,127.74,2255,3237
2017,58255.0,3,1,1,3,1,128,3,1,33860,1,1,205.0,2,2,5,5.0,5,1,2,144.0,0,4.0,3.0,7.5,1.79,2,1,10763,31.54,59700,127.74,2255,3237
2017,617677.0,9,1,1,1,2,157,1,1,33860,1,1,205.0,2,2,5,5.0,5,1,2,225.0,0,4.0,3.0,7.5,1.79,2,1,10763,31.54,59700,127.74,2255,3237
2017,504713.0,7,2,1,1,1,115,3,1,33860,1,1,205.0,3,5,6,5.0,8,3,5,36.0,7,4.0,3.0,7.5,1.79,2,1,10763,31.54,59700,127.74,2255,3237
2017,504713.0,7,3,1,3,1,103,3,1,33860,1,1,205.0,2,2,5,5.0,5,1,2,44.0,2,4.0,3.0,7.5,1.79,2,1,10763,31.54,59700,127.74,2255,3237
2017,63637.0,5,1,1,1,1,209,2,1,33860,1,1,205.0,2,2,5,5.0,5,1,2,122.0,0,4.0,3.0,7.5,1.79,2,1,10763,31.54,59700,127.74,2255,3237
2017,68575.0,5,1,1,1,1,170,3,1,33860,1,1,205.0,2,2,5,5.0,5,1,2,97.0,0,4.0,3.0,7.5,1.79,2,1,10763,31.54,59700,127.74,2255,3237
2017,504713.0,7,2,1,1,1,165,3,1,33860,1,1,205.0,2,2,5,5.0,5,2,1,82.0,0,4.0,3.0,7.5,1.79,2,1,10763,31.54,59700,127.74,2255,3237
2017,8663.0,3,2,1,3,1,119,3,1,33860,1,1,205.0,2,5,5,5.0,8,3,5,49.0,6,4.0,3.0,7.5,1.79,2,1,10763,31.54,59700,127.74,2255,3237
2017,504713.0,7,3,1,1,1,350,3,6,33860,1,1,205.0,4,4,7,5.0,7,4,4,64.5,2,4.0,3.0,7.5,1.79,2,4,10763,31.54,59700,127.74,2255,3237
2017,504713.0,7,1,1,1,1,424,3,1,33860,1,1,205.0,2,5,5,5.0,8,2,5,165.0,3,4.0,3.0,7.5,1.79,2,1,10763,31.54,59700,127.74,2255,3237
2017,64598.0,5,1,1,1,1,86,1,1,33860,1,1,205.0,2,5,5,5.0,8,2,5,37.0,0,4.0,3.0,7.5,1.79,2,1,10763,31.54,59700,127.74,2255,3237
2017,177957.0,2,1,1,3,1,90,3,5,33860,1,1,205.0,2,5,5,5.0,8,2,5,18.0,0,4.0,3.0,7.5,1.79,2,1,10763,31.54,59700,127.74,2255,3237
2017,504713.0,7,1,1,3,1,85,3,5,33860,1,1,205.0,2,5,5,5.0,8,2,5,18.0,0,4.0,3.0,7.5,1.79,2,1,10763,31.54,59700,127.74,2255,3237
2017,504713.0,7,3,1,3,2,161,3,5,33860,1,1,205.0,2,5,5,5.0,8,1,5,64.5,0,4.0,3.0,7.5,1.79,2,1,10763,31.54,59700,127.74,2255,3237
2017,342634.0,9,3,1,1,1,230,3,1,33860,1,1,205.0,2,2,5,5.0,5,1,2,141.0,2,4.0,3.0,7.5,1.79,2,1,10763,31.54,59700,127.74,2255,3237
2017,451965.0,9,3,1,1,1,146,3,6,33860,1,1,205.0,4,4,7,5.0,7,4,4,64.5,2,4.0,3.0,7.5,1.79,2,4,10763,31.54,59700,127.74,2255,3237
2017,504713.0,7,3,1,1,1,164,3,6,33860,1,1,205.0,4,4,7,5.0,7,4,4,64.5,2,4.0,3.0,7.5,1.79,2,4,10763,31.54,59700,127.74,2255,3237
2017,619877.0,9,3,1,3,1,181,3,1,33860,1,1,205.0,2,2,5,5.0,5,1,2,64.5,2,4.0,3.0,7.5,1.79,2,1,10763,31.54,59700,127.74,2255,3237
2017,177957.0,2,3,1,3,1,204,3,5,33860,1,1,205.0,2,5,5,5.0,8,1,5,30.0,0,4.0,3.0,7.5,1.79,2,1,10763,31.54,59700,127.74,2255,3237
2017,451965.0,9,1,1,3,2,98,3,1,33860,1,1,205.0,2,2,5,5.0,5,2,2,395.0,1,4.0,3.0,7.5,1.79,2,1,10763,31.54,59700,127.74,2255,3237
2017,504713.0,7,3,1,3,1,122,3,4,33860,1,1,205.0,2,5,5,5.0,8,2,5,64.5,0,4.0,3.0,7.5,1.79,2,1,10763,31.54,59700,127.74,2255,3237
2017,64598.0,5,1,1,3,1,121,3,1,33860,1,1,205.0,2,5,5,5.0,8,1,5,55.0,0,4.0,3.0,7.5,1.79,2,1,10763,31.54,59700,127.74,2255,3237
2017,617677.0,9,1,1,2,1,3,3,1,33860,1,1,205.0,3,5,6,5.0,8,3,5,60.0,0,4.0,3.0,7.5,1.79,2,3,10763,31.54,59700,127.74,2255,3237
2017,471809999.0,7,3,1,1,1,303,2,4,33860,1,1,205.0,2,5,5,5.0,8,1,5,86.0,0,4.0,3.0,7.5,1.79,2,1,10763,31.54,59700,127.74,2255,3237
2017,342634.0,9,3,1,1,1,227,3,1,33860,1,1,205.0,2,5,3,5.0,8,2,5,54.0,0,4.0,3.0,7.5,1.79,2,1,10763,31.54,59700,127.74,2255,3237
2017,504713.0,7,1,1,1,1,223,2,1,33860,1,1,205.0,2,5,5,5.0,8,2,5,52.0,1,4.0,3.0,7.5,1.79,2,1,10763,31.54,59700,127.74,2255,3237
2017,7245000003.0,7,3,1,1,1,350,2,1,33860,1,1,205.0,2,2,5,5.0,5,1,2,130.0,9,4.0,3.0,7.5,1.79,2,1,10763,31.54,59700,127.74,2255,3237
2017,504713.0,7,1,1,1,1,185,2,4,33860,1,1,205.0,2,5,5,5.0,8,1,5,73.0,0,4.0,3.0,7.5,1.79,2,1,10763,31.54,59700,127.74,2255,3237
2017,504713.0,7,2,1,1,1,140,2,1,33860,1,1,205.0,2,5,3,5.0,8,2,5,44.0,7,4.0,3.0,7.5,1.79,2,1,10763,31.54,59700,127.74,2255,3237
2017,7197000003.0,7,3,1,3,1,103,3,3,33860,1,1,205.0,2,5,3,5.0,8,1,5,62.0,0,4.0,3.0,7.5,1.79,2,1,10763,31.54,59700,127.74,2255,3237
2017,471809999.0,7,1,1,3,1,138,3,1,33860,1,1,205.0,2,5,5,5.0,8,1,5,68.0,3,4.0,3.0,7.5,1.5,2,1,10763,31.54,59700,127.74,2255,3237
2017,8663.0,3,1,1,3,1,181,3,1,33860,1,1,205.0,2,2,5,5.0,2,1,2,97.0,3,4.0,3.0,7.5,1.79,2,1,10763,31.54,59700,127.74,2255,3237
2017,451965.0,9,2,1,1,1,216,3,6,33860,1,1,205.0,2,2,5,5.0,5,1,2,122.0,2,4.0,3.0,7.5,1.79,2,4,10763,31.54,59700,127.74,2255,3237
2017,504713.0,7,2,1,3,1,93,3,6,33860,1,1,205.0,2,5,5,5.0,8,2,5,42.0,2,4.0,3.0,7.5,1.79,2,4,10763,31.54,59700,127.74,2255,3237
2017,3027509990.0,7,3,1,3,2,196,3,5,33860,1,1,205.0,2,2,5,5.0,5,2,1,154.0,0,4.0,3.0,7.5,1.79,2,1,10763,31.54,59700,127.74,2255,3237
2017,342634.0,9,2,1,1,1,159,3,1,33860,1,1,205.0,2,2,5,5.0,5,1,2,58.0,2,4.0,3.0,7.5,1.79,2,1,10763,31.54,59700,127.74,2255,3237
2017,68575.0,5,1,1,3,1,80,3,3,33860,1,1,205.0,2,2,5,5.0,5,1,2,98.0,0,4.0,3.0,7.5,1.79,2,1,10763,31.54,59700,127.74,2255,3237
2017,4186591.0,9,2,1,1,1,116,3,6,33860,1,1,205.0,4,4,7,5.0,7,4,4,64.5,2,4.0,3.0,7.5,1.79,2,4,10763,31.54,59700,127.74,2255,3237
2017,504713.0,7,2,1,3,1,77,3,4,33860,1,1,205.0,2,5,5,5.0,8,2,5,42.0,0,4.0,3.0,7.5,1.79,2,1,10763,31.54,59700,127.74,2255,3237
2017,451965.0,9,1,1,2,1,124,3,1,33860,1,1,205.0,2,5,5,5.0,8,1,5,36.0,0,4.0,3.0,7.5,1.79,2,1,10763,31.54,59700,127.74,2255,3237
2017,504713.0,7,1,1,1,1,313,2,1,33860,1,1,205.0,2,2,5,5.0,5,1,2,120.0,3,4.0,3.0,7.5,1.79,2,1,10763,31.54,59700,127.74,2255,3237
2017,504713.0,7,3,1,1,1,229,2,1,33860,1,1,205.0,2,5,5,5.0,8,1,5,79.0,7,4.0,3.0,7.5,1.79,2,1,10763,31.54,59700,127.74,2255,3237
2017,7245000003.0,7,3,1,1,1,212,2,1,33860,1,1,205.0,2,5,5,5.0,8,1,5,153.0,9,4.0,3.0,7.5,1.79,2,1,10763,31.54,59700,127.74,2255,3237
2017,7245000003.0,7,3,1,1,1,264,2,1,33860,1,1,205.0,2,2,5,5.0,5,1,2,107.0,9,4.0,3.0,7.5,1.79,2,1,10763,31.54,59700,127.74,2255,3237
2017,504713.0,7,3,1,1,1,359,3,1,33860,1,1,205.0,2,2,3,5.0,3,2,1,79.0,2,4.0,3.0,7.5,1.79,2,1,10763,31.54,59700,127.74,2255,3237
2017,451965.0,9,1,1,1,1,177,3,6,33860,1,1,205.0,2,5,5,5.0,8,1,5,93.0,3,4.0,3.0,7.5,1.79,2,4,10763,31.54,59700,127.74,2255,3237
2017,504713.0,7,3,1,2,1,309,3,1,33860,1,1,205.0,2,5,5,5.0,8,1,5,124.0,7,4.0,3.0,7.5,1.79,2,1,10763,31.54,59700,127.74,2255,3237
2017,7505400005.0,7,3,1,1,1,126,3,6,33860,1,1,205.0,4,5,7,5.0,8,4,5,64.5,2,4.0,3.0,7.5,1.79,2,4,10763,31.54,59700,127.74,2255,3237
2017,451965.0,9,1,1,3,1,158,3,4,33860,1,1,205.0,2,2,2,5.0,2,2,1,155.0,0,4.0,3.0,7.5,1.79,2,1,10763,31.54,59700,127.74,2255,3237
2017,504713.0,7,1,1,3,2,124,3,5,33860,1,1,205.0,1,1,2,5.0,5,1,2,105.0,0,4.0,3.0,7.5,1.79,2,1,10763,31.54,59700,127.74,2255,3237
2017,7245000003.0,7,1,1,1,1,98,2,1,33860,1,1,205.0,2,5,5,5.0,8,1,5,50.0,9,4.0,3.0,7.5,1.79,2,1,10763,31.54,59700,127.74,2255,3237
2017,7245000003.0,7,1,1,1,1,166,2,1,33860,1,1,205.0,2,2,5,5.0,5,1,2,87.0,9,4.0,3.0,7.5,1.79,2,1,10763,31.54,59700,127.74,2255,3237
2017,4186591.0,9,2,1,1,1,154,3,6,33860,1,1,205.0,4,4,7,5.0,7,4,4,64.5,2,4.0,3.0,7.5,1.79,2,4,10763,31.54,59700,127.74,2255,3237
2017,471809999.0,7,2,1,1,1,221,2,1,33860,1,1,205.0,2,5,5,5.0,8,1,5,55.0,9,4.0,3.0,7.5,1.79,2,1,10763,31.54,59700,127.74,2255,3237
2017,504713.0,7,2,1,3,1,209,3,3,33860,1,1,205.0,2,2,5,5.0,5,2,1,55.0,0,4.0,3.0,7.5,1.79,2,1,10763,31.54,59700,127.74,2255,3237
2017,2590037.0,9,1,1,1,1,112,3,3,33860,1,1,205.0,2,5,5,5.0,8,2,5,102.0,0,3.0,3.0,7.5,1.79,2,1,10763,31.54,59700,127.74,2255,3237
2017,4186591.0,9,3,1,1,1,209,3,6,33860,1,1,205.0,4,4,7,5.0,7,4,4,64.5,2,4.0,3.0,7.5,1.79,2,4,10763,31.54,59700,127.74,2255,3237
2017,504713.0,7,2,1,3,1,153,3,5,33860,1,1,205.0,2,2,5,5.0,5,1,2,64.0,0,4.0,3.0,7.5,1.79,2,1,10763,31.54,59700,127.74,2255,3237
2017,606046.0,9,1,1,1,1,150,3,3,33860,1,1,205.0,2,5,3,5.0,8,2,5,46.0,0,5.0,3.0,7.5,1.79,2,1,10763,31.54,59700,127.74,2255,3237
2017,546571.0,9,1,1,2,1,70,3,1,33860,1,1,205.0,2,5,5,5.0,8,1,5,154.0,0,4.0,3.0,7.5,1.79,2,2,10763,31.54,59700,127.74,2255,3237
2017,451965.0,9,3,1,1,1,207,3,6,33860,1,1,205.0,2,5,5,5.0,8,1,5,59.0,2,4.0,3.0,7.5,1.79,2,4,10763,31.54,59700,127.74,2255,3237
2017,342634.0,9,1,1,1,2,100,3,1,33860,1,1,205.0,2,2,5,5.0,5,1,2,121.0,1,4.0,3.0,7.5,1.79,2,1,10763,31.54,59700,127.74,2255,3237
2017,7245000003.0,7,1,1,1,1,160,2,1,33860,1,1,205.0,2,2,2,5.0,2,2,1,275.0,9,4.0,3.0,7.5,1.79,2,1,10763,31.54,59700,127.74,2255,3237
2017,463735.0,9,1,1,2,2,10,3,3,33860,1,1,205.0,2,5,5,5.0,8,2,5,25.0,0,4.0,3.0,7.5,1.79,2,3,10763,31.54,59700,127.74,2255,3237
2017,504713.0,7,2,1,1,1,211,3,6,33860,1,1,205.0,4,4,7,5.0,7,4,4,64.5,2,4.0,3.0,7.5,1.79,2,4,10763,31.54,59700,127.74,2255,3237
2017,471809999.0,7,1,1,1,1,111,2,1,33860,1,1,205.0,2,5,5,5.0,8,2,5,69.0,3,4.0,3.0,7.5,1.79,2,1,10763,31.54,59700,127.74,2255,3237
2017,504713.0,7,2,1,3,1,191,3,3,33860,1,1,205.0,3,5,6,5.0,8,3,5,52.0,0,4.0,3.0,7.5,1.79,2,1,10763,31.54,59700,127.74,2255,3237
2017,504713.0,7,2,1,2,1,125,3,1,33860,1,1,205.0,2,2,5,5.0,5,2,1,104.0,7,4.0,3.0,7.5,1.79,2,1,10763,31.54,59700,127.74,2255,3237
2017,451965.0,9,2,1,1,1,146,3,6,33860,1,1,205.0,4,4,7,5.0,7,4,4,64.5,0,4.0,3.0,7.5,1.79,2,4,10763,31.54,59700,127.74,2255,3237
2017,58181.0,3,1,1,1,1,104,3,1,33860,1,1,205.0,2,5,2,5.0,8,2,5,43.0,0,4.0,3.0,7.5,2.49,2,1,10763,31.54,59700,127.74,2255,3237
2017,617677.0,9,1,1,3,1,197,3,4,33860,1,1,205.0,2,5,3,5.0,8,2,5,68.0,0,4.0,3.0,7.5,1.79,2,1,10763,31.54,59700,127.74,2255,3237
2017,504713.0,7,2,1,1,1,149,2,1,33860,1,1,205.0,2,5,5,5.0,8,1,5,38.0,9,4.0,3.0,7.5,1.79,2,1,10763,31.54,59700,127.74,2255,3237
2017,4186591.0,9,2,1,1,1,162,3,6,33860,1,1,205.0,4,4,7,5.0,7,4,4,64.5,2,4.0,3.0,7.5,1.79,2,4,10763,31.54,59700,127.74,2255,3237
2017,504713.0,7,1,1,1,1,112,3,1,33860,1,1,205.0,2,5,5,5.0,8,1,5,50.0,1,4.0,3.0,7.5,1.79,2,1,10763,31.54,59700,127.74,2255,3237
2017,504713.0,7,2,1,1,1,116,2,1,33860,1,1,205.0,2,5,5,5.0,8,1,5,50.0,7,4.0,3.0,7.5,1.79,2,1,10763,31.54,59700,127.74,2255,3237
2017,451965.0,9,2,1,3,1,118,3,6,33860,1,1,205.0,2,5,5,5.0,8,1,5,49.0,0,4.0,3.0,7.5,1.79,2,4,10763,31.54,59700,127.74,2255,3237
2017,504713.0,7,1,1,3,1,171,3,4,33860,1,1,205.0,3,5,6,5.0,8,3,5,396.0,0,4.0,3.0,7.5,1.79,2,1,10763,31.54,59700,127.74,2255,3237
2017,504713.0,7,3,1,1,1,249,3,3,33860,1,1,205.0,1,2,5,5.0,5,2,1,71.0,0,3.0,3.0,7.5,1.79,2,1,10763,31.54,59700,127.74,2255,3237
2017,504713.0,7,1,1,3,1,86,3,4,33860,1,1,205.0,2,5,5,5.0,8,2,5,21.0,0,4.0,3.0,7.5,1.79,2,1,10763,31.54,59700,127.74,2255,3237
2017,451965.0,9,1,1,3,2,182,3,3,33860,1,1,205.0,3,5,6,5.0,8,3,5,140.0,0,9.0,3.0,7.5,1.79,2,1,10763,31.54,59700,127.74,2255,3237
2017,617677.0,9,3,1,1,1,186,2,1,33860,1,1,205.0,2,5,5,5.0,8,1,5,74.0,2,4.0,3.0,7.5,1.79,2,1,10763,31.54,59700,127.74,2255,3237
2017,7245000003.0,7,1,1,3,1,275,3,3,33860,1,1,205.0,2,2,5,5.0,5,1,2,30.0,0,1.0,3.0,7.5,1.79,2,1,10763,31.54,59700,127.74,2255,3237
2017,471809999.0,7,1,1,1,1,289,2,1,33860,1,1,205.0,2,2,3,5.0,3,2,1,96.0,1,4.0,3.0,7.5,1.79,2,1,10763,31.54,59700,127.74,2255,3237
2017,504713.0,7,1,1,3,1,143,3,1,33860,1,1,205.0,2,5,5,5.0,8,1,5,58.0,1,4.0,3.0,7.5,1.79,2,1,10763,31.54,59700,127.74,2255,3237
2017,504713.0,7,1,1,1,1,281,2,1,33860,1,1,205.0,2,2,2,5.0,2,1,2,68.0,3,4.0,3.0,7.5,1.79,2,1,10763,31.54,59700,127.74,2255,3237
2017,504713.0,7,1,1,3,2,113,3,1,33860,1,1,205.0,2,5,5,5.0,8,2,5,64.5,1,4.0,3.0,7.5,1.79,2,1,10763,31.54,59700,127.74,2255,3237
2017,619877.0,9,1,1,1,1,204,3,1,33860,1,1,205.0,2,5,5,5.0,8,1,5,117.0,1,4.0,3.0,7.5,1.79,2,1,10763,31.54,59700,127.74,2255,3237
2017,471809999.0,7,1,1,1,1,205,2,1,33860,1,1,205.0,2,5,2,5.0,8,2,5,52.0,3,4.0,3.0,7.5,1.79,2,1,10763,31.54,59700,127.74,2255,3237
2017,7197000003.0,7,3,1,3,1,84,3,1,33860,1,1,205.0,3,3,6,5.0,6,3,3,64.0,2,4.0,3.0,7.5,1.79,2,1,10763,31.54,59700,127.74,2255,3237
2017,504713.0,7,1,1,1,1,149,3,1,33860,1,1,205.0,2,5,5,5.0,8,2,5,168.0,3,4.0,3.0,7.5,1.79,2,1,10763,31.54,59700,127.74,2255,3237
2017,451965.0,9,1,1,1,1,164,3,6,33860,1,1,205.0,2,5,5,5.0,8,1,5,84.0,3,4.0,3.0,7.5,1.79,2,4,10763,31.54,59700,127.74,2255,3237
2017,852320.0,9,1,1,3,2,44,3,1,33860,1,1,205.0,2,5,3,5.0,8,1,5,109.0,3,4.0,3.0,7.5,1.79,2,1,10763,31.54,59700,127.74,2255,3237
2017,480228.0,9,1,1,1,1,132,2,1,33860,1,1,205.0,2,5,5,5.0,8,2,5,38.0,3,4.0,3.0,7.5,1.79,2,1,10763,31.54,59700,127.74,2255,3237
2017,504713.0,7,2,1,3,1,179,3,4,33860,1,1,205.0,2,5,5,5.0,8,1,5,55.0,0,4.0,3.0,7.5,1.79,2,1,10763,31.54,59700,127.74,2255,3237
2017,617677.0,9,3,1,3,1,216,3,1,33860,1,1,205.0,2,5,1,5.0,8,1,5,102.0,0,4.0,3.0,7.5,1.79,2,1,10763,31.54,59700,127.74,2255,3237
2017,342634.0,9,1,1,1,1,98,3,1,33860,1,1,205.0,2,5,5,5.0,8,1,5,50.0,1,4.0,3.0,7.5,1.79,2,1,10763,31.54,59700,127.74,2255,3237
2017,504713.0,7,3,1,1,1,209,3,1,33860,1,1,205.0,2,5,5,5.0,8,1,5,113.0,7,4.0,3.0,7.5,1.79,2,1,10763,31.54,59700,127.74,2255,3237
2017,504713.0,7,1,1,3,1,103,3,1,33860,1,1,205.0,2,5,5,5.0,8,1,5,39.0,0,4.0,3.0,7.5,1.79,2,1,10763,31.54,59700,127.74,2255,3237
2017,342634.0,9,1,1,1,1,120,3,1,33860,1,1,205.0,2,2,5,5.0,5,1,2,66.0,1,4.0,3.0,7.5,1.79,2,1,10763,31.54,59700,127.74,2255,3237
2017,451965.0,9,1,1,1,2,178,3,6,33860,1,1,205.0,2,2,5,5.0,5,1,2,108.0,3,4.0,3.0,7.5,1.79,2,4,10763,31.54,59700,127.74,2255,3237
2017,504713.0,9,1,1,1,2,143,2,1,33860,1,1,205.0,3,3,6,5.0,6,3,3,499.0,3,4.0,3.0,7.5,1.79,2,1,10763,31.54,59700,127.74,2255,3237
2017,619877.0,9,1,1,3,1,99,3,1,33860,1,1,205.0,2,5,5,5.0,8,1,5,132.0,1,4.0,3.0,7.5,1.79,2,1,10763,31.54,59700,127.74,2255,3237
2017,451965.0,9,2,1,3,1,89,3,6,33860,1,1,205.0,4,4,7,5.0,7,4,4,64.5,0,4.0,3.0,7.5,1.79,2,4,10763,31.54,59700,127.74,2255,3237
2017,504713.0,9,3,1,1,1,264,3,6,33860,1,1,205.0,4,4,7,5.0,7,4,4,107.0,2,4.0,3.0,7.5,1.79,2,4,10763,31.54,59700,127.74,2255,3237
2017,233031.0,9,1,1,3,1,93,3,1,33860,1,1,205.0,2,2,5,5.0,5,1,2,80.0,1,4.0,3.0,7.5,1.79,2,1,10763,31.54,59700,127.74,2255,3237
2017,471809999.0,7,2,1,1,1,169,2,1,33860,1,1,205.0,2,5,3,5.0,8,2,5,59.0,2,4.0,3.0,7.5,1.79,2,1,10763,31.54,59700,127.74,2255,3237
2017,7197000003.0,7,2,1,3,1,73,3,3,33860,1,1,205.0,2,5,5,5.0,8,2,5,60.0,0,4.0,3.0,7.5,1.79,2,1,10763,31.54,59700,127.74,2255,3237
2017,35014.0,3,3,1,1,1,320,1,1,33860,1,1,205.0,3,3,6,5.0,6,3,3,85.0,6,4.0,3.0,7.5,1.79,2,1,10763,31.54,59700,127.74,2255,3237
2017,68374.0,5,1,1,1,1,76,1,1,33860,1,1,205.0,2,5,5,5.0,8,2,5,38.0,0,4.0,3.0,7.5,3.23,2,1,10763,31.54,59700,127.74,2255,3237
2017,57124.0,3,1,1,1,2,132,3,1,33860,1,1,205.0,2,5,5,5.0,8,2,5,207.0,0,4.0,3.0,7.5,1.79,2,1,10763,31.54,59700,127.74,2255,3237
2017,504713.0,3,2,1,1,1,164,3,1,33860,1,1,205.0,2,2,5,5.0,5,1,2,79.0,9,4.0,3.0,7.5,1.79,2,1,10763,31.54,59700,127.74,2255,3237
2017,504713.0,7,1,1,2,1,184,3,4,33860,1,1,205.0,3,5,6,5.0,8,3,5,64.5,0,4.0,3.0,7.5,1.79,2,1,10763,31.54,59700,127.74,2255,3237
2017,451965.0,9,2,1,1,1,152,3,6,33860,1,1,205.0,4,4,7,5.0,7,4,4,64.5,0,4.0,3.0,7.5,1.79,2,4,10763,31.54,59700,127.74,2255,3237
2017,233031.0,9,1,1,2,1,5,3,3,33860,1,1,205.0,2,5,5,5.0,8,1,5,40.0,0,4.0,3.0,7.5,1.79,2,3,10763,31.54,59700,127.74,2255,3237
2017,504713.0,7,3,1,3,1,277,3,6,33860,1,1,205.0,4,4,7,5.0,7,4,4,64.5,2,4.0,3.0,7.5,1.79,2,4,10763,31.54,59700,127.74,2255,3237
2017,471809999.0,7,1,1,3,1,146,3,1,33860,1,1,205.0,2,5,5,5.0,8,1,5,44.0,3,4.0,3.0,7.5,1.79,2,1,10763,31.54,59700,127.74,2255,3237
2017,471809999.0,7,1,1,1,1,7,2,1,33860,1,1,205.0,2,5,5,5.0,8,1,5,55.0,9,4.0,3.0,7.5,1.79,2,2,10763,31.54,59700,127.74,2255,3237
2017,595270.0,9,3,1,1,1,1,3,6,33860,1,1,205.0,4,4,7,5.0,7,4,4,64.5,0,4.0,3.0,7.5,1.79,2,4,10763,31.54,59700,127.74,2255,3237
2017,504713.0,7,3,1,1,1,147,2,1,33860,1,1,205.0,2,5,5,5.0,8,1,5,66.0,7,4.0,3.0,7.5,1.79,2,1,10763,31.54,59700,127.74,2255,3237
2017,233031.0,9,1,1,3,1,188,3,1,33860,1,1,205.0,2,5,5,5.0,8,1,5,88.0,0,4.0,3.0,7.5,1.79,2,1,10763,31.54,59700,127.74,2255,3237
2017,504713.0,7,1,1,3,1,396,3,3,33860,1,1,205.0,2,2,5,5.0,5,1,2,178.0,0,4.0,6.0,7.5,1.79,2,1,10763,31.54,59700,127.74,2255,3237
2017,342634.0,9,2,1,1,1,218,3,1,33860,1,1,205.0,2,5,5,5.0,8,1,5,56.0,2,4.0,3.0,7.5,1.79,2,1,10763,31.54,59700,127.74,2255,3237
2017,852218.0,9,1,1,3,1,99,3,3,33860,1,1,205.0,2,5,5,5.0,8,1,5,110.0,0,7.0,3.0,7.5,1.79,2,1,10763,31.54,59700,127.74,2255,3237
2017,504713.0,7,2,1,3,1,116,3,3,33860,1,1,205.0,2,5,5,5.0,8,1,5,25.0,0,7.0,3.0,7.5,1.79,2,1,10763,31.54,59700,127.74,2255,3237
2017,7197000003.0,7,1,1,3,1,188,3,1,33860,1,1,205.0,2,2,6,5.0,6,1,2,57.0,1,4.0,3.0,7.5,1.79,2,1,10763,31.54,59700,127.74,2255,3237
2017,504713.0,7,1,1,1,1,177,2,1,33860,1,1,205.0,2,5,5,5.0,8,1,5,93.0,9,4.0,3.0,7.5,1.79,2,1,10763,31.54,59700,127.74,2255,3237
2017,504713.0,7,3,1,3,1,188,3,4,33860,1,1,205.0,2,5,5,5.0,8,1,5,12.0,0,4.0,3.0,7.5,1.79,2,1,10763,31.54,59700,127.74,2255,3237
2017,471809999.0,7,1,1,1,1,103,2,1,33860,1,1,205.0,2,5,5,5.0,8,1,5,36.0,1,4.0,3.0,7.5,1.79,2,1,10763,31.54,59700,127.74,2255,3237
2017,706432.0,1,2,1,1,1,145,3,1,33860,1,1,205.0,2,2,5,5.0,5,1,2,70.0,7,4.0,3.0,7.5,1.79,2,1,10763,31.54,59700,127.74,2255,3237
2017,471809999.0,7,3,1,1,1,306,2,4,33860,1,1,205.0,2,2,5,5.0,5,1,2,112.0,0,4.0,3.0,7.5,1.79,2,1,10763,31.54,59700,127.74,2255,3237
2017,35014.0,3,3,1,3,1,222,3,1,33860,1,1,205.0,2,5,5,5.0,8,1,5,101.0,0,4.0,3.0,7.5,1.79,2,1,10763,31.54,59700,127.74,2255,3237
2017,233031.0,9,1,1,1,1,134,1,1,33860,1,1,205.0,3,5,5,5.0,8,1,5,69.0,1,4.0,3.0,7.5,1.79,2,1,10763,31.54,59700,127.74,2255,3237
2017,4186591.0,9,3,1,1,1,223,3,6,33860,1,1,205.0,4,4,7,5.0,7,4,4,64.5,2,4.0,3.0,7.5,1.79,2,4,10763,31.54,59700,127.74,2255,3237
2017,7245000003.0,7,1,1,1,1,214,2,1,33860,1,1,205.0,2,2,5,5.0,5,1,2,110.0,9,4.0,3.0,7.5,1.79,2,1,10763,31.54,59700,127.74,2255,3237
2017,471809999.0,7,3,1,1,1,268,2,1,33860,1,1,205.0,2,2,5,5.0,5,1,2,153.0,2,4.0,3.0,7.5,1.79,2,1,10763,31.54,59700,127.74,2255,3237
2017,7245000003.0,7,2,1,1,1,159,2,1,33860,1,1,205.0,2,2,5,5.0,5,2,2,38.0,7,4.0,3.0,7.5,1.79,2,1,10763,31.54,59700,127.74,2255,3237
2017,339858.0,9,1,1,3,1,183,3,1,33860,1,1,205.0,2,2,5,5.0,5,1,2,111.0,1,4.0,3.0,7.5,1.79,2,1,10763,31.54,59700,127.74,2255,3237
2017,619877.0,9,1,1,3,1,133,3,1,33860,1,1,205.0,2,2,5,5.0,5,1,2,64.0,1,4.0,3.0,7.5,1.79,2,1,10763,31.54,59700,127.74,2255,3237
2017,504713.0,7,1,1,3,1,175,3,4,33860,1,1,205.0,1,5,6,5.0,8,1,5,95.0,0,4.0,3.0,7.5,1.79,2,1,10763,31.54,59700,127.74,2255,3237
2017,2735146.0,9,1,1,1,1,152,3,4,33860,1,1,205.0,2,2,5,5.0,5,2,1,81.0,0,4.0,3.0,7.5,1.79,2,1,10763,31.54,59700,127.74,2255,3237
2017,342634.0,9,1,1,1,1,195,3,1,33860,1,1,205.0,2,5,5,5.0,8,1,5,42.0,1,4.0,3.0,7.5,1.79,2,1,10763,31.54,59700,127.74,2255,3237
2017,504713.0,7,1,1,2,1,160,3,1,33860,1,1,205.0,2,2,5,5.0,5,1,2,74.0,7,4.0,3.0,7.5,1.79,2,1,10763,31.54,59700,127.74,2255,3237
2017,504713.0,7,3,1,3,1,350,3,4,33860,1,1,205.0,2,5,3,5.0,8,1,5,72.0,0,4.0,3.0,7.5,1.79,2,1,10763,31.54,59700,127.74,2255,3237
2017,471809999.0,7,3,1,1,1,138,2,1,33860,1,1,205.0,2,5,5,5.0,8,1,5,65.0,2,4.0,3.0,7.5,1.79,2,1,10763,31.54,59700,127.74,2255,3237
2017,504713.0,9,3,1,1,1,212,3,6,33860,1,1,205.0,4,4,7,5.0,7,4,4,153.0,2,4.0,3.0,7.5,1.79,2,4,10763,31.54,59700,127.74,2255,3237
2017,64598.0,5,3,1,2,1,277,3,3,33860,1,1,205.0,2,5,3,5.0,8,1,5,227.0,0,3.0,3.0,7.5,1.79,2,3,10763,31.54,59700,127.74,2255,3237
2017,21440.0,3,2,1,1,1,168,3,1,33860,1,1,205.0,2,2,5,5.0,5,1,2,70.0,2,4.0,3.0,7.5,1.79,2,1,10763,31.54,59700,127.74,2255,3237
2017,7810600004.0,7,1,1,1,1,188,3,6,33860,1,1,205.0,4,4,7,5.0,7,4,4,64.5,3,4.0,3.0,7.5,1.79,2,4,10763,31.54,59700,127.74,2255,3237
2017,342634.0,9,1,1,1,1,214,3,1,33860,1,1,205.0,2,2,5,5.0,5,1,2,110.0,1,4.0,3.0,7.5,1.79,2,1,10763,31.54,59700,127.74,2255,3237
2017,504713.0,7,3,1,3,1,309,3,1,33860,1,1,205.0,2,5,5,5.0,8,1,5,124.0,2,4.0,3.0,7.5,1.79,2,1,10763,31.54,59700,127.74,2255,3237
2017,7245000003.0,7,2,1,1,1,122,2,1,33860,1,1,205.0,2,5,5,5.0,8,1,5,49.0,9,4.0,3.0,7.5,1.79,2,1,10763,31.54,59700,127.74,2255,3237
2017,64598.0,5,1,1,2,1,171,3,3,33860,1,1,205.0,3,5,6,5.0,8,3,5,44.0,0,3.0,3.0,7.5,1.79,2,3,10763,31.54,59700,127.74,2255,3237
2017,233031.0,9,1,1,3,1,115,3,3,33860,1,1,205.0,2,2,5,5.0,5,2,1,121.0,0,4.0,3.0,7.5,1.79,2,1,10763,31.54,59700,127.74,2255,3237
2017,7197000003.0,7,3,1,3,1,99,3,1,33860,1,1,205.0,2,2,5,5.0,5,1,2,84.0,2,4.0,3.0,7.5,1.79,2,1,10763,31.54,59700,127.74,2255,3237
2017,68575.0,5,1,1,1,1,157,3,4,33860,1,1,205.0,2,5,5,5.0,8,1,5,62.0,0,4.0,3.0,7.5,1.79,2,1,10763,31.54,59700,127.74,2255,3237
2017,617677.0,9,3,1,3,1,175,3,3,33860,1,1,205.0,2,5,3,5.0,8,1,5,87.0,0,7.0,3.0,7.5,1.79,2,1,10763,31.54,59700,127.74,2255,3237
2017,504713.0,7,1,1,1,1,149,3,1,33860,1,1,205.0,2,2,2,5.0,2,1,2,30.0,7,4.0,3.0,7.5,1.79,2,1,10763,31.54,59700,127.74,2255,3237
2017,7197000003.0,7,1,1,3,1,114,3,3,33860,1,1,205.0,2,5,3,5.0,8,2,5,60.0,0,5.0,3.0,7.5,1.79,2,1,10763,31.54,59700,127.74,2255,3237
2017,7245000003.0,7,3,1,1,1,152,2,1,33860,1,1,205.0,2,2,5,5.0,5,1,2,84.0,9,4.0,3.0,7.5,1.79,2,1,10763,31.54,59700,127.74,2255,3237
2017,504713.0,7,1,1,3,2,93,3,1,33860,1,1,205.0,2,2,5,5.0,5,1,2,81.0,1,4.0,3.0,7.5,1.79,2,1,10763,31.54,59700,127.74,2255,3237
2017,57124.0,3,1,1,1,1,46,3,1,33860,1,1,205.0,2,2,5,5.0,5,1,2,71.0,0,4.0,3.0,7.5,1.6,2,1,10763,31.54,59700,127.74,2255,3237
2017,4186591.0,9,3,1,1,1,147,3,6,33860,1,1,205.0,4,4,7,5.0,7,4,4,64.5,2,4.0,3.0,7.5,1.79,2,4,10763,31.54,59700,127.74,2255,3237
2017,504713.0,3,1,1,1,1,174,3,6,33860,1,1,205.0,4,4,7,5.0,7,4,4,64.5,3,4.0,3.0,7.5,1.79,2,4,10763,31.54,59700,127.74,2255,3237
2017,21122.0,3,3,1,1,1,243,3,1,33860,1,1,205.0,2,5,5,5.0,8,1,5,77.0,7,4.0,3.0,7.5,1.79,2,1,10763,31.54,59700,127.74,2255,3237
2017,504713.0,3,2,1,1,1,162,3,1,33860,1,1,205.0,2,5,6,5.0,8,1,5,42.0,9,4.0,3.0,7.5,1.79,2,1,10763,31.54,59700,127.74,2255,3237
2017,342634.0,9,1,1,1,1,166,3,1,33860,1,1,205.0,2,2,5,5.0,5,1,2,87.0,1,4.0,3.0,7.5,1.79,2,1,10763,31.54,59700,127.74,2255,3237
2017,58255.0,3,1,1,3,1,145,3,1,33860,1,1,205.0,2,5,5,5.0,8,1,5,72.0,0,4.0,3.0,7.5,1.79,2,1,10763,31.54,59700,127.74,2255,3237
2017,2618780.0,9,1,1,3,1,131,3,6,33860,1,1,205.0,2,2,5,5.0,5,1,2,82.0,0,4.0,3.0,7.5,1.79,2,4,10763,31.54,59700,127.74,2255,3237
2017,233031.0,9,1,1,3,1,118,3,1,33860,1,1,205.0,2,2,5,5.0,5,1,2,83.0,1,4.0,3.0,7.5,1.79,2,1,10763,31.54,59700,127.74,2255,3237
2017,21122.0,3,3,1,2,1,183,3,1,33860,1,1,205.0,2,2,5,5.0,5,1,2,73.0,7,4.0,3.0,7.5,1.79,2,1,10763,31.54,59700,127.74,2255,3237
2017,471809999.0,7,3,1,1,1,173,2,1,33860,1,1,205.0,2,3,3,5.0,3,1,2,112.0,2,4.0,3.0,7.5,1.79,2,1,10763,31.54,59700,127.74,2255,3237
2017,4186591.0,9,2,1,1,1,180,3,6,33860,1,1,205.0,4,4,7,5.0,7,4,4,64.5,6,4.0,3.0,7.5,1.79,2,4,10763,31.54,59700,127.74,2255,3237
2017,504713.0,7,3,1,3,2,200,3,1,33860,1,1,205.0,2,5,3,5.0,8,2,5,64.5,2,4.0,3.0,7.5,1.79,2,1,10763,31.54,59700,127.74,2255,3237
2017,342634.0,9,2,1,1,1,172,3,1,33860,1,1,205.0,2,2,5,5.0,5,1,2,71.0,0,4.0,3.0,7.5,1.79,2,1,10763,31.54,59700,127.74,2255,3237
2017,463735.0,9,2,1,1,1,180,3,6,33860,1,1,205.0,2,5,5,5.0,8,2,5,48.0,0,4.0,3.0,7.5,1.79,2,4,10763,31.54,59700,127.74,2255,3237
2017,504713.0,7,3,1,3,1,114,3,1,33860,1,1,205.0,2,2,5,5.0,5,1,2,64.5,0,4.0,3.0,7.5,1.79,2,1,10763,31.54,59700,127.74,2255,3237
2017,504713.0,7,3,1,3,1,189,3,6,33860,1,1,205.0,4,5,7,5.0,8,4,5,64.5,2,4.0,3.0,7.5,1.79,2,4,10763,31.54,59700,127.74,2255,3237
2017,68575.0,5,1,1,3,1,174,3,1,33860,1,1,205.0,2,5,5,5.0,8,1,5,37.0,0,4.0,3.0,7.5,1.79,2,1,10763,31.54,59700,127.74,2255,3237
2017,7197000003.0,7,2,1,3,1,195,3,1,33860,1,1,205.0,3,5,6,5.0,8,3,5,105.0,2,4.0,3.0,7.5,1.79,2,1,10763,31.54,59700,127.74,2255,3237
2017,504713.0,7,3,1,1,1,309,2,1,33860,1,1,205.0,2,2,3,5.0,3,1,2,69.0,2,4.0,3.0,7.5,1.79,2,1,10763,31.54,59700,127.74,2255,3237
2017,504713.0,7,3,1,3,1,222,3,4,33860,1,1,205.0,2,5,5,5.0,8,2,5,64.5,0,4.0,3.0,7.5,1.79,2,1,10763,31.54,59700,127.74,2255,3237
2017,7197000003.0,7,1,1,3,1,112,3,1,33860,1,1,205.0,2,5,5,5.0,8,2,5,92.0,3,4.0,3.0,7.5,1.79,2,1,10763,31.54,59700,127.74,2255,3237
2017,504713.0,7,3,1,1,1,229,3,6,33860,1,1,205.0,4,4,7,5.0,7,4,4,79.0,0,4.0,3.0,7.5,1.79,2,4,10763,31.54,59700,127.74,2255,3237
2017,504713.0,9,3,1,3,2,198,3,1,33860,1,1,205.0,3,3,6,5.0,6,3,3,64.5,2,4.0,3.0,7.5,1.79,2,1,10763,31.54,59700,127.74,2255,3237
2017,504713.0,7,1,1,1,1,164,3,1,33860,1,1,205.0,2,5,5,5.0,8,1,5,92.0,0,4.0,3.0,7.5,1.79,2,1,10763,31.54,59700,127.74,2255,3237
2017,504713.0,9,3,1,3,1,144,3,3,33860,1,1,205.0,2,5,5,5.0,8,1,5,37.0,0,7.0,3.0,7.5,1.79,2,1,10763,31.54,59700,127.74,2255,3237
2017,7197000003.0,7,3,1,3,1,143,3,3,33860,1,1,205.0,2,5,5,5.0,8,1,5,100.0,0,4.0,3.0,7.5,1.79,2,1,10763,31.54,59700,127.74,2255,3237
2017,504713.0,7,2,1,1,1,116,3,6,33860,1,1,205.0,4,4,7,5.0,7,4,4,64.5,2,4.0,3.0,7.5,1.79,2,4,10763,31.54,59700,127.74,2255,3237
2017,12437.0,3,1,1,1,1,145,3,1,33860,1,1,205.0,2,2,5,5.0,5,1,2,88.0,1,4.0,3.0,7.5,1.79,2,1,10763,31.54,59700,127.74,2255,3237
2017,504713.0,7,3,1,1,1,164,2,1,33860,1,1,205.0,2,2,5,5.0,5,1,2,90.0,9,4.0,3.0,7.5,1.79,2,1,10763,31.54,59700,127.74,2255,3237
2017,595270.0,9,3,1,1,1,1,3,6,33860,1,1,205.0,4,4,7,5.0,7,4,4,64.5,0,4.0,3.0,7.5,1.79,2,4,10763,31.54,59700,127.74,2255,3237
2017,504713.0,7,2,1,3,1,127,3,3,33860,1,1,205.0,2,2,5,5.0,5,2,1,72.0,0,4.0,3.0,7.5,1.79,2,1,10763,31.54,59700,127.74,2255,3237
2017,233031.0,9,1,1,3,1,93,3,1,33860,1,1,205.0,2,2,5,5.0,5,2,1,31.0,1,4.0,3.0,7.5,1.79,2,1,10763,31.54,59700,127.74,2255,3237
2017,451965.0,9,1,1,1,1,171,3,1,33860,1,1,205.0,2,5,5,5.0,8,2,5,56.0,1,4.0,3.0,7.5,1.79,2,1,10763,31.54,59700,127.74,2255,3237
2017,342634.0,9,1,1,1,1,139,3,1,33860,1,1,205.0,2,5,5,5.0,8,1,5,32.0,0,4.0,3.0,7.5,1.79,2,1,10763,31.54,59700,127.74,2255,3237
2017,342634.0,9,1,1,1,1,348,3,1,33860,1,1,205.0,2,2,5,5.0,5,1,2,234.0,0,4.0,3.0,7.5,1.79,2,1,10763,31.54,59700,127.74,2255,3237
2017,7197000003.0,7,2,1,1,1,147,1,1,33860,1,1,205.0,3,5,6,5.0,8,2,5,90.0,2,4.0,3.0,7.5,1.79,2,1,10763,31.54,59700,127.74,2255,3237
2017,504713.0,7,2,1,1,1,122,3,6,33860,1,1,205.0,4,4,7,5.0,7,4,4,64.5,2,4.0,3.0,7.5,1.79,2,4,10763,31.54,59700,127.74,2255,3237
2017,504713.0,7,1,1,3,1,100,3,4,33860,1,1,205.0,2,5,5,5.0,8,1,5,132.0,0,4.0,3.0,7.5,1.79,2,1,10763,31.54,59700,127.74,2255,3237
2017,619877.0,9,3,1,1,1,277,3,1,33860,1,1,205.0,2,2,4,5.0,5,1,2,135.0,2,4.0,3.0,7.5,1.79,2,1,10763,31.54,59700,127.74,2255,3237
2017,342634.0,9,2,1,1,1,161,3,1,33860,1,1,205.0,2,5,5,5.0,8,1,5,57.0,2,4.0,3.0,7.5,1.79,2,1,10763,31.54,59700,127.74,2255,3237
2017,7245000003.0,7,3,1,1,1,247,2,1,33860,1,1,205.0,2,2,5,5.0,5,1,2,74.0,9,4.0,3.0,7.5,1.79,2,1,10763,31.54,59700,127.74,2255,3237
2017,817824.0,9,1,1,2,1,10,3,1,33860,1,1,205.0,2,5,5,5.0,8,2,5,100.0,0,4.0,3.0,7.5,1.79,2,3,10763,31.54,59700,127.74,2255,3237
2017,504713.0,7,2,1,1,1,240,3,3,33860,1,1,205.0,1,5,5,5.0,8,2,5,128.0,0,1.0,3.0,7.5,1.79,2,1,10763,31.54,59700,127.74,2255,3237
2017,504713.0,7,1,1,3,1,396,3,3,33860,1,1,205.0,2,2,5,5.0,5,1,2,341.0,0,4.0,3.0,6.0,1.79,2,1,10763,31.54,59700,127.74,2255,3237
2017,471809999.0,7,3,1,1,1,169,2,1,33860,1,1,205.0,2,5,5,5.0,8,1,5,77.0,2,4.0,3.0,7.5,1.79,2,1,10763,31.54,59700,127.74,2255,3237
2017,4186591.0,9,2,1,1,1,108,3,6,33860,1,1,205.0,4,4,7,5.0,7,4,4,64.5,2,4.0,3.0,7.5,1.79,2,4,10763,31.54,59700,127.74,2255,3237
2017,471809999.0,7,3,1,1,1,305,2,1,33860,1,1,205.0,2,2,5,5.0,5,2,1,130.0,2,4.0,3.0,7.5,1.79,2,1,10763,31.54,59700,127.74,2255,3237
2017,504713.0,7,1,1,1,1,146,2,1,33860,1,1,205.0,2,5,5,5.0,8,2,5,28.0,3,4.0,3.0,7.5,1.79,2,1,10763,31.54,59700,127.74,2255,3237
2017,7197000003.0,7,2,1,3,1,207,3,3,33860,1,1,205.0,2,5,3,5.0,8,1,5,72.0,0,1.0,3.0,7.5,1.79,2,1,10763,31.54,59700,127.74,2255,3237
2017,7197000003.0,7,1,1,1,1,90,2,1,33860,1,1,205.0,3,5,6,5.0,8,3,5,53.0,3,4.0,3.0,7.5,1.79,2,1,10763,31.54,59700,127.74,2255,3237
2017,233031.0,9,1,1,3,1,65,3,1,33860,1,1,205.0,2,5,5,5.0,8,1,5,61.0,1,4.0,3.0,7.5,1.79,2,1,10763,31.54,59700,127.74,2255,3237
2017,504713.0,7,2,1,1,1,140,2,1,33860,1,1,205.0,2,2,5,5.0,5,1,2,64.0,2,4.0,3.0,7.5,1.79,2,1,10763,31.54,59700,127.74,2255,3237
2017,471809999.0,7,3,1,1,1,369,2,1,33860,1,1,205.0,2,5,5,5.0,8,1,5,93.0,2,4.0,3.0,7.5,1.79,2,1,10763,31.54,59700,127.74,2255,3237
2017,504713.0,7,3,1,3,1,277,3,1,33860,1,1,205.0,1,1,1,5.0,1,1,2,64.5,7,4.0,3.0,7.5,1.79,2,1,10763,31.54,59700,127.74,2255,3237
2017,4186591.0,9,3,1,1,1,159,3,6,33860,1,1,205.0,4,4,7,5.0,7,4,4,64.5,2,4.0,3.0,7.5,1.79,2,4,10763,31.54,59700,127.74,2255,3237
2017,342634.0,9,2,1,1,1,97,3,1,33860,1,1,205.0,2,5,5,5.0,8,1,5,36.0,2,4.0,3.0,7.5,1.79,2,1,10763,31.54,59700,127.74,2255,3237
2017,504713.0,7,2,1,1,1,280,2,1,33860,1,1,205.0,2,2,3,5.0,3,2,1,138.0,2,4.0,3.0,7.5,1.79,2,1,10763,31.54,59700,127.74,2255,3237
2017,504713.0,7,3,1,1,1,159,2,1,33860,1,1,205.0,2,5,5,5.0,8,1,5,62.0,9,4.0,3.0,7.5,1.79,2,1,10763,31.54,59700,127.74,2255,3237
2017,504713.0,7,3,1,3,2,180,3,5,33860,1,1,205.0,3,5,6,5.0,8,3,5,64.5,0,4.0,3.0,7.5,1.79,2,1,10763,31.54,59700,127.74,2255,3237
2017,504713.0,7,3,1,1,1,323,2,1,33860,1,1,205.0,2,5,5,5.0,8,1,5,75.0,7,4.0,3.0,7.5,1.79,2,1,10763,31.54,59700,127.74,2255,3237
2017,504713.0,7,1,1,1,1,150,2,1,33860,1,1,205.0,2,2,5,5.0,5,1,2,187.0,1,4.0,3.0,7.5,1.79,2,1,10763,31.54,59700,127.74,2255,3237
2017,504713.0,7,3,1,3,1,189,3,1,33860,1,1,205.0,2,5,5,5.0,8,1,5,64.5,7,4.0,3.0,7.5,1.79,2,1,10763,31.54,59700,127.74,2255,3237
2017,3656.0,1,2,1,1,1,217,3,1,33860,1,1,205.0,2,5,3,5.0,8,2,5,63.0,0,4.0,3.0,7.5,1.79,2,1,10763,31.54,59700,127.74,2255,3237
2017,504713.0,7,3,1,3,1,166,3,4,33860,1,1,205.0,3,5,6,5.0,8,1,5,64.5,0,4.0,3.0,7.5,1.79,2,1,10763,31.54,59700,127.74,2255,3237
2017,504713.0,7,1,1,3,2,193,3,4,33860,1,1,205.0,2,5,5,5.0,8,1,5,106.0,0,4.0,3.0,7.5,1.79,2,1,10763,31.54,59700,127.74,2255,3237
2017,504713.0,9,1,1,3,1,64,3,6,33860,1,1,205.0,4,4,7,5.0,7,4,4,23.0,3,4.0,3.0,7.5,1.79,2,4,10763,31.54,59700,127.74,2255,3237
2017,504713.0,7,1,1,3,1,138,3,4,33860,1,1,205.0,3,5,6,5.0,8,3,5,396.0,0,4.0,3.0,7.5,1.79,2,1,10763,31.54,59700,127.74,2255,3237
2017,7245000003.0,7,1,1,1,1,157,2,1,33860,1,1,205.0,2,2,5,5.0,2,1,2,53.0,9,4.0,3.0,7.5,1.79,2,1,10763,31.54,59700,127.74,2255,3237
2017,504713.0,7,1,1,3,1,190,3,1,33860,1,1,205.0,2,2,3,5.0,3,1,2,66.0,0,4.0,3.0,7.5,1.79,2,1,10763,31.54,59700,127.74,2255,3237
2017,504713.0,7,3,1,3,1,145,3,4,33860,1,1,205.0,2,5,5,5.0,8,1,5,40.0,0,4.0,3.0,7.5,1.79,2,1,10763,31.54,59700,127.74,2255,3237
2017,617677.0,9,3,1,1,1,158,1,1,33860,1,1,205.0,2,2,3,5.0,5,1,2,88.0,2,4.0,3.0,7.5,1.79,2,1,10763,31.54,59700,127.74,2255,3237
2017,504713.0,7,2,1,1,1,115,2,1,33860,1,1,205.0,2,5,5,5.0,8,2,5,36.0,7,4.0,3.0,7.5,1.83,2,1,10763,31.54,59700,127.74,2255,3237
2017,4186591.0,9,3,1,1,1,243,3,6,33860,1,1,205.0,4,4,7,5.0,7,4,4,64.5,2,4.0,3.0,7.5,1.79,2,4,10763,31.54,59700,127.74,2255,3237
2017,619877.0,9,3,1,1,1,177,3,4,33860,1,1,205.0,2,5,5,5.0,8,1,5,59.0,0,4.0,3.0,7.5,1.79,2,1,10763,31.54,59700,127.74,2255,3237
2017,57124.0,3,1,1,1,2,185,3,1,33860,1,1,205.0,4,5,7,5.0,8,4,5,64.5,0,4.0,3.0,7.5,1.79,2,1,10763,31.54,59700,127.74,2255,3237
2017,504713.0,7,2,1,1,1,154,2,1,33860,1,1,205.0,2,5,5,5.0,8,1,5,49.0,9,4.0,3.0,7.5,1.79,2,1,10763,31.54,59700,127.74,2255,3237
2017,504713.0,7,3,1,1,1,310,2,1,33860,1,1,205.0,2,5,3,5.0,8,1,5,93.0,9,4.0,3.0,7.5,1.79,2,1,10763,31.54,59700,127.74,2255,3237
2017,233031.0,9,1,1,3,1,168,3,3,33860,1,1,205.0,2,2,5,5.0,5,1,2,88.0,0,4.0,3.0,7.5,1.79,2,1,10763,31.54,59700,127.74,2255,3237
2017,7197000003.0,7,2,1,3,1,144,3,1,33860,1,1,205.0,3,3,6,5.0,6,3,3,127.0,2,4.0,3.0,7.5,1.79,2,1,10763,31.54,59700,127.74,2255,3237
2017,504713.0,7,3,1,1,1,237,2,3,33860,1,1,205.0,2,5,3,5.0,8,1,5,66.0,0,4.0,3.0,7.5,1.79,2,1,10763,31.54,59700,127.74,2255,3237
2017,480228.0,9,3,1,3,1,140,3,6,33860,1,1,205.0,2,5,5,5.0,8,1,5,64.5,0,4.0,3.0,7.5,1.79,2,4,10763,31.54,59700,127.74,2255,3237
2017,504713.0,7,1,1,3,1,117,3,2,33860,1,1,205.0,2,5,3,5.0,8,2,5,85.0,0,4.0,3.0,7.5,1.79,2,1,10763,31.54,59700,127.74,2255,3237
2017,233031.0,9,1,1,3,1,68,3,1,33860,1,1,205.0,2,5,5,5.0,8,1,5,57.0,0,4.0,3.0,7.5,1.79,2,1,10763,31.54,59700,127.74,2255,3237
2017,675332.0,9,1,1,2,1,13,3,1,33860,1,1,205.0,2,2,5,5.0,5,1,2,133.0,0,4.0,3.0,7.5,1.79,2,3,10763,31.54,59700,127.74,2255,3237
2017,504713.0,7,1,1,1,1,164,2,1,33860,1,1,205.0,2,5,5,5.0,8,1,5,84.0,9,4.0,3.0,7.5,1.79,2,1,10763,31.54,59700,127.74,2255,3237
2017,504713.0,7,1,1,1,1,129,2,1,33860,1,1,205.0,2,2,5,5.0,5,1,2,66.0,6,4.0,3.0,7.5,1.79,2,1,10763,31.54,59700,127.74,2255,3237
2017,504713.0,9,3,1,3,1,74,3,6,33860,1,1,205.0,4,4,7,5.0,7,4,4,59.0,0,4.0,3.0,7.5,1.79,2,4,10763,31.54,59700,127.74,2255,3237
2017,7197000003.0,7,2,1,3,1,124,3,3,33860,1,1,205.0,3,5,6,5.0,8,3,5,64.5,0,7.0,3.0,7.5,1.79,2,1,10763,31.54,59700,127.74,2255,3237
2017,3027509990.0,7,3,1,1,2,205,3,1,33860,1,1,205.0,3,3,6,5.0,6,2,1,39.0,2,4.0,3.0,7.5,1.79,2,1,10763,31.54,59700,127.74,2255,3237
2017,504713.0,9,3,1,1,1,247,3,6,33860,1,1,205.0,4,4,7,5.0,7,4,4,74.0,2,4.0,3.0,7.5,1.79,2,4,10763,31.54,59700,127.74,2255,3237
2017,7197000003.0,7,1,1,3,1,137,3,1,33860,1,1,205.0,3,5,6,5.0,8,3,5,77.0,3,4.0,3.0,7.5,1.79,2,1,10763,31.54,59700,127.74,2255,3237
2017,68374.0,5,1,1,3,1,30,3,3,33860,1,1,205.0,2,4,5,5.0,7,1,4,54.0,0,3.0,3.0,7.5,1.79,2,1,10763,31.54,59700,127.74,2255,3237
2017,617677.0,9,3,1,3,1,174,3,1,33860,1,1,205.0,2,5,3,5.0,8,1,5,78.0,0,4.0,3.0,7.5,1.79,2,1,10763,31.54,59700,127.74,2255,3237
2017,504713.0,7,3,1,1,1,254,3,6,33860,1,1,205.0,4,4,7,5.0,7,4,4,64.5,2,4.0,3.0,7.5,1.79,2,4,10763,31.54,59700,127.74,2255,3237
2017,504713.0,7,3,1,3,1,218,3,2,33860,1,1,205.0,2,5,3,5.0,8,1,5,106.0,0,4.0,3.0,7.5,1.79,2,1,10763,31.54,59700,127.74,2255,3237
2017,504713.0,7,3,1,1,1,336,2,1,33860,1,1,205.0,1,5,5,5.0,8,1,5,66.0,2,4.0,3.0,7.5,1.79,2,1,10763,31.54,59700,127.74,2255,3237
2017,504713.0,7,3,1,1,1,223,2,1,33860,1,1,205.0,2,5,2,5.0,8,1,5,90.0,7,4.0,3.0,7.5,1.79,2,1,10763,31.54,59700,127.74,2255,3237
2017,817824.0,9,1,1,3,1,73,3,2,33860,1,1,205.0,2,5,5,5.0,8,1,5,77.0,0,4.0,3.0,7.5,1.79,2,1,10763,31.54,59700,127.74,2255,3237
2017,2590037.0,9,1,1,3,1,171,3,3,33860,1,1,205.0,3,5,6,5.0,8,3,5,24.0,0,1.0,3.0,7.5,1.79,2,1,10763,31.54,59700,127.74,2255,3237
2017,62728.0,5,1,1,3,1,100,3,1,33860,1,1,205.0,2,2,5,5.0,5,1,2,94.0,0,4.0,3.0,7.5,1.79,2,1,10763,31.54,59700,127.74,2255,3237
2017,619877.0,9,1,1,3,1,197,3,3,33860,1,1,205.0,2,5,3,5.0,8,2,5,69.0,0,3.0,3.0,7.5,1.79,2,1,10763,31.54,59700,127.74,2255,3237
2017,504713.0,7,1,2,1,1,62,3,5,33860,1,1,205.0,2,2,5,5.0,5,1,2,25.0,0,4.0,3.0,7.5,1.79,2,1,10763,31.54,59700,127.74,2255,3237
2017,617677.0,9,1,1,1,2,137,1,1,33860,1,1,205.0,2,2,5,5.0,5,1,2,226.0,0,4.0,3.0,7.5,1.79,2,1,10763,31.54,59700,127.74,2255,3237
